time,irradiance_ghi,ambient_temp,cloud_cover_pct,wind_speed,humidity_pct,city,cell_temp,dc_power_w,ac_power_w,ac_power_kw,hour,month
2026-03-17 00:00:00,0.0,26.4,52,4.6,83,Chennai,26.4,0.0,0.0,0.0,0,3
2026-03-17 01:00:00,0.0,26.2,58,3.8,84,Chennai,26.2,0.0,0.0,0.0,1,3
2026-03-17 02:00:00,0.0,26.1,61,3.8,84,Chennai,26.1,0.0,0.0,0.0,2,3
2026-03-17 03:00:00,0.0,26.0,63,3.2,85,Chennai,26.0,0.0,0.0,0.0,3,3
2026-03-17 04:00:00,0.0,25.9,61,2.6,85,Chennai,25.9,0.0,0.0,0.0,4,3
2026-03-17 05:00:00,0.0,25.7,56,1.8,86,Chennai,25.7,0.0,0.0,0.0,5,3
2026-03-17 06:00:00,2.0,25.5,57,2.2,86,Chennai,25.5625,0.6385600000000001,0.6130176,0.0006130176000000001,6,3
2026-03-17 07:00:00,100.0,26.4,52,2.3,83,Chennai,29.525,31.420800000000007,30.163968000000004,0.030163968000000003,7,3
2026-03-17 08:00:00,302.0,28.3,51,5.4,71,Chennai,37.7375,91.71619200000002,88.04754432000001,0.08804754432000002,8,3
2026-03-17 09:00:00,515.0,29.9,53,6.6,62,Chennai,45.99375,150.96092000000004,144.92248320000004,0.14492248320000004,9,3
2026-03-17 10:00:00,681.0,31.2,59,7.5,56,Chennai,52.48125,193.96514400000004,186.20653824000004,0.18620653824000005,10,3
2026-03-17 11:00:00,808.0,32.4,59,7.7,51,Chennai,57.65,224.79206400000004,215.80038144000002,0.21580038144000002,11,3
2026-03-17 12:00:00,868.0,32.7,59,9.1,51,Chennai,59.825,239.06803200000004,229.50531072000004,0.22950531072000005,12,3
2026-03-17 13:00:00,863.0,32.6,50,10.6,53,Chennai,59.56875,237.97397600000005,228.45501696000005,0.22845501696000006,13,3
2026-03-17 14:00:00,814.0,32.1,40,11.4,54,Chennai,57.5375,226.57852800000006,217.51538688000005,0.21751538688000005,14,3
2026-03-17 15:00:00,671.0,31.5,83,11.5,55,Chennai,52.46875,191.12764000000007,183.48253440000005,0.18348253440000004,15,3
2026-03-17 16:00:00,480.0,30.6,83,11.5,58,Chennai,45.6,140.94336,135.3056256,0.1353056256,16,3
2026-03-17 17:00:00,227.0,29.7,86,10.3,63,Chennai,36.79375,69.21320800000002,66.44467968000002,0.06644467968000002,17,3
2026-03-17 18:00:00,39.0,28.4,100,8.1,70,Chennai,29.61875,12.249432000000002,11.759454720000003,0.011759454720000003,18,3
2026-03-17 19:00:00,0.0,27.7,100,6.6,75,Chennai,27.7,0.0,0.0,0.0,19,3
2026-03-17 20:00:00,0.0,27.3,100,6.3,79,Chennai,27.3,0.0,0.0,0.0,20,3
2026-03-17 21:00:00,0.0,27.0,88,6.1,81,Chennai,27.0,0.0,0.0,0.0,21,3
2026-03-17 22:00:00,0.0,26.8,69,4.8,81,Chennai,26.8,0.0,0.0,0.0,22,3
2026-03-17 23:00:00,0.0,26.8,38,4.7,78,Chennai,26.8,0.0,0.0,0.0,23,3
2026-03-18 00:00:00,0.0,26.4,31,4.0,81,Chennai,26.4,0.0,0.0,0.0,0,3
2026-03-18 01:00:00,0.0,26.2,48,3.1,83,Chennai,26.2,0.0,0.0,0.0,1,3
2026-03-18 02:00:00,0.0,26.1,58,2.7,85,Chennai,26.1,0.0,0.0,0.0,2,3
2026-03-18 03:00:00,0.0,26.2,60,1.5,86,Chennai,26.2,0.0,0.0,0.0,3,3
2026-03-18 04:00:00,0.0,26.1,63,0.8,86,Chennai,26.1,0.0,0.0,0.0,4,3
2026-03-18 05:00:00,0.0,25.7,71,0.4,85,Chennai,25.7,0.0,0.0,0.0,5,3
2026-03-18 06:00:00,2.0,25.2,83,2.2,86,Chennai,25.2625,0.6393280000000001,0.6137548800000001,0.0006137548800000002,6,3
2026-03-18 07:00:00,104.0,26.0,87,2.5,83,Chennai,29.25,32.71424000000001,31.40567040000001,0.03140567040000001,7,3
2026-03-18 08:00:00,327.0,27.6,44,4.5,73,Chennai,37.81875,99.27458400000002,95.30360064000001,0.09530360064000001,8,3
2026-03-18 09:00:00,526.0,29.3,54,5.9,65,Chennai,45.7375,154.35785600000003,148.18354176000003,0.14818354176000004,9,3
2026-03-18 10:00:00,662.0,30.6,60,8.0,58,Chennai,51.2875,189.56502400000002,181.98242304000001,0.18198242304,10,3
2026-03-18 11:00:00,834.0,31.5,73,6.6,54,Chennai,57.5625,232.11888000000005,222.83412480000004,0.22283412480000003,11,3
2026-03-18 12:00:00,841.0,31.6,73,8.1,54,Chennai,57.88125,233.72399200000007,224.37503232000006,0.22437503232000006,12,3
2026-03-18 13:00:00,811.0,32.0,61,8.7,51,Chennai,57.34375,225.94460000000004,216.90681600000002,0.21690681600000003,13,3
2026-03-18 14:00:00,747.0,31.3,42,9.3,56,Chennai,54.64375,210.69583200000005,202.26799872000004,0.20226799872000004,14,3
2026-03-18 15:00:00,623.0,30.6,38,9.4,60,Chennai,50.06875,179.36917600000004,172.19440896000003,0.17219440896000004,15,3
2026-03-18 16:00:00,433.0,30.0,42,9.2,63,Chennai,43.53125,128.28924000000004,123.15767040000003,0.12315767040000003,16,3
2026-03-18 17:00:00,216.0,29.5,37,9.6,69,Chennai,36.25,66.00960000000002,63.369216000000016,0.06336921600000002,17,3
2026-03-18 18:00:00,40.0,28.2,36,8.6,74,Chennai,29.45,12.572160000000002,12.0692736,0.012069273600000001,18,3
2026-03-18 19:00:00,0.0,27.7,37,6.8,77,Chennai,27.7,0.0,0.0,0.0,19,3
2026-03-18 20:00:00,0.0,27.3,45,5.5,81,Chennai,27.3,0.0,0.0,0.0,20,3
2026-03-18 21:00:00,0.0,27.1,55,5.0,83,Chennai,27.1,0.0,0.0,0.0,21,3
2026-03-18 22:00:00,0.0,26.9,50,3.7,84,Chennai,26.9,0.0,0.0,0.0,22,3
2026-03-18 23:00:00,0.0,26.8,29,4.1,82,Chennai,26.8,0.0,0.0,0.0,23,3
2026-03-19 00:00:00,0.0,26.4,93,4.1,83,Chennai,26.4,0.0,0.0,0.0,0,3
2026-03-19 01:00:00,0.0,25.9,100,2.5,84,Chennai,25.9,0.0,0.0,0.0,1,3
2026-03-19 02:00:00,0.0,25.8,100,2.0,84,Chennai,25.8,0.0,0.0,0.0,2,3
2026-03-19 03:00:00,0.0,25.1,35,3.4,88,Chennai,25.1,0.0,0.0,0.0,3,3
2026-03-19 04:00:00,0.0,24.5,41,4.9,91,Chennai,24.5,0.0,0.0,0.0,4,3
2026-03-19 05:00:00,0.0,24.2,93,4.1,91,Chennai,24.2,0.0,0.0,0.0,5,3
2026-03-19 06:00:00,2.0,24.0,73,4.1,91,Chennai,24.0625,0.6424000000000001,0.616704,0.000616704,6,3
2026-03-19 07:00:00,96.0,24.5,65,4.0,88,Chennai,27.5,30.412800000000004,29.196288000000003,0.029196288000000004,7,3
2026-03-19 08:00:00,312.0,26.4,76,3.8,79,Chennai,36.15,95.38713600000003,91.57165056000002,0.09157165056000002,8,3
2026-03-19 09:00:00,485.0,28.4,65,4.3,68,Chennai,43.55625,143.68028,137.9330688,0.1379330688,9,3
2026-03-19 10:00:00,638.0,30.1,51,6.1,60,Chennai,50.0375,183.71337600000007,176.36484096000007,0.17636484096000007,10,3
2026-03-19 11:00:00,800.0,31.8,58,4.3,56,Chennai,56.8,223.43680000000006,214.49932800000005,0.21449932800000004,11,3
2026-03-19 12:00:00,889.0,32.0,72,7.2,56,Chennai,59.78125,244.90172000000007,235.10565120000007,0.23510565120000007,12,3
2026-03-19 13:00:00,766.0,30.7,57,9.8,63,Chennai,54.6375,216.06102400000003,207.41858304000002,0.20741858304000002,13,3
2026-03-19 14:00:00,733.0,30.5,30,8.4,63,Chennai,53.40625,207.90812000000005,199.59179520000004,0.19959179520000003,14,3
2026-03-19 15:00:00,635.0,30.5,38,9.3,63,Chennai,50.34375,182.60060000000004,175.29657600000004,0.17529657600000004,15,3
2026-03-19 16:00:00,455.0,30.0,45,9.3,64,Chennai,44.21875,134.407,129.03072,0.12903072000000002,16,3
2026-03-19 17:00:00,214.0,29.2,42,9.4,68,Chennai,35.8875,65.49769600000002,62.877788160000016,0.06287778816000002,17,3
2026-03-19 18:00:00,38.0,28.0,22,8.7,74,Chennai,29.1875,11.956320000000002,11.478067200000002,0.011478067200000002,18,3
2026-03-19 19:00:00,0.0,27.4,38,7.3,77,Chennai,27.4,0.0,0.0,0.0,19,3
2026-03-19 20:00:00,0.0,27.1,44,6.2,79,Chennai,27.1,0.0,0.0,0.0,20,3
2026-03-19 21:00:00,0.0,27.0,44,5.8,80,Chennai,27.0,0.0,0.0,0.0,21,3
2026-03-19 22:00:00,0.0,26.7,42,5.4,82,Chennai,26.7,0.0,0.0,0.0,22,3
2026-03-19 23:00:00,0.0,26.5,35,3.8,83,Chennai,26.5,0.0,0.0,0.0,23,3
2026-03-20 00:00:00,0.0,26.2,40,3.3,84,Chennai,26.2,0.0,0.0,0.0,0,3
2026-03-20 01:00:00,0.0,26.1,47,2.3,85,Chennai,26.1,0.0,0.0,0.0,1,3
2026-03-20 02:00:00,0.0,26.0,52,1.8,85,Chennai,26.0,0.0,0.0,0.0,2,3
2026-03-20 03:00:00,0.0,25.8,100,2.3,86,Chennai,25.8,0.0,0.0,0.0,3,3
2026-03-20 04:00:00,0.0,25.4,87,2.5,89,Chennai,25.4,0.0,0.0,0.0,4,3
2026-03-20 05:00:00,0.0,25.2,81,1.9,89,Chennai,25.2,0.0,0.0,0.0,5,3
2026-03-20 06:00:00,2.0,25.0,64,1.5,91,Chennai,25.0625,0.6398400000000002,0.6142464000000002,0.0006142464000000002,6,3
2026-03-20 07:00:00,95.0,25.7,68,2.3,87,Chennai,28.66875,29.953880000000005,28.755724800000003,0.028755724800000004,7,3
2026-03-20 08:00:00,310.0,27.8,55,4.4,76,Chennai,37.4875,94.24496000000002,90.47516160000002,0.09047516160000002,8,3
2026-03-20 09:00:00,501.0,29.5,55,5.2,66,Chennai,45.15625,147.39420000000004,141.49843200000004,0.14149843200000004,9,3
2026-03-20 10:00:00,712.0,31.3,65,6.3,57,Chennai,53.55,201.82067200000003,193.74784512000002,0.19374784512,10,3
2026-03-20 11:00:00,821.0,32.7,51,5.6,51,Chennai,58.35625,227.66658400000003,218.55992064000003,0.21855992064000002,11,3
2026-03-20 12:00:00,862.0,33.6,56,5.7,47,Chennai,60.5375,236.62934400000003,227.16417024000003,0.22716417024000005,12,3
2026-03-20 13:00:00,820.0,33.6,63,7.0,49,Chennai,59.225,226.47744000000003,217.41834240000003,0.21741834240000002,13,3
2026-03-20 14:00:00,686.0,32.3,77,10.1,57,Chennai,53.7375,194.28617600000004,186.51472896000004,0.18651472896000004,14,3
2026-03-20 15:00:00,580.0,31.4,43,9.2,60,Chennai,49.525,167.39264000000003,160.69693440000003,0.16069693440000002,15,3
2026-03-20 16:00:00,465.0,31.2,21,9.2,60,Chennai,45.73125,136.46076000000002,131.00232960000002,0.13100232960000002,16,3
2026-03-20 17:00:00,242.0,30.4,29,9.4,65,Chennai,37.9625,73.42473600000001,70.48774656,0.07048774656000001,17,3
2026-03-20 18:00:00,40.0,28.7,32,9.2,74,Chennai,29.95,12.546560000000001,12.044697600000001,0.012044697600000001,18,3
2026-03-20 19:00:00,0.0,28.1,36,7.7,79,Chennai,28.1,0.0,0.0,0.0,19,3
2026-03-20 20:00:00,0.0,27.7,19,6.9,80,Chennai,27.7,0.0,0.0,0.0,20,3
2026-03-20 21:00:00,0.0,27.4,33,5.1,82,Chennai,27.4,0.0,0.0,0.0,21,3
2026-03-20 22:00:00,0.0,27.1,33,4.6,84,Chennai,27.1,0.0,0.0,0.0,22,3
2026-03-20 23:00:00,0.0,27.3,9,3.6,83,Chennai,27.3,0.0,0.0,0.0,23,3
2026-03-21 00:00:00,0.0,26.9,23,3.3,85,Chennai,26.9,0.0,0.0,0.0,0,3
2026-03-21 01:00:00,0.0,26.7,31,2.8,86,Chennai,26.7,0.0,0.0,0.0,1,3
2026-03-21 02:00:00,0.0,26.5,32,1.9,87,Chennai,26.5,0.0,0.0,0.0,2,3
2026-03-21 03:00:00,0.0,26.3,37,1.1,88,Chennai,26.3,0.0,0.0,0.0,3,3
2026-03-21 04:00:00,0.0,26.2,52,1.1,88,Chennai,26.2,0.0,0.0,0.0,4,3
2026-03-21 05:00:00,0.0,25.6,52,1.1,92,Chennai,25.6,0.0,0.0,0.0,5,3
2026-03-21 06:00:00,4.0,25.7,62,1.9,91,Chennai,25.825,1.2757760000000002,1.2247449600000002,0.0012247449600000001,6,3
2026-03-21 07:00:00,101.0,26.7,73,2.9,86,Chennai,29.85625,31.692184000000008,30.424496640000008,0.030424496640000007,7,3
2026-03-21 08:00:00,303.0,28.7,48,7.0,73,Chennai,38.16875,91.85263200000001,88.17852672000001,0.08817852672000001,8,3
2026-03-21 09:00:00,540.0,30.5,49,8.7,65,Chennai,47.375,157.33440000000004,151.04102400000005,0.15104102400000005,9,3
2026-03-21 10:00:00,719.0,31.9,70,7.9,58,Chennai,54.36875,203.05135200000004,194.92929792000004,0.19492929792000005,10,3
2026-03-21 11:00:00,804.0,32.9,64,9.2,54,Chennai,58.025,223.29331200000001,214.36157952,0.21436157951999998,11,3
2026-03-21 12:00:00,831.0,33.0,49,10.7,54,Chennai,58.96875,229.78812000000008,220.59659520000005,0.22059659520000005,12,3
2026-03-21 13:00:00,858.0,33.0,48,11.0,55,Chennai,59.8125,236.32752000000005,226.87441920000003,0.22687441920000004,13,3
2026-03-21 14:00:00,808.0,32.9,34,10.7,54,Chennai,58.15,224.27494400000003,215.30394624000002,0.21530394624000002,14,3
2026-03-21 15:00:00,687.0,32.5,23,12.2,54,Chennai,53.96875,194.36604000000003,186.59139840000003,0.18659139840000002,15,3
2026-03-21 16:00:00,486.0,31.4,13,12.5,58,Chennai,46.5875,142.09084800000002,136.40721408000002,0.13640721408,16,3
2026-03-21 17:00:00,247.0,30.3,29,11.2,65,Chennai,38.01875,74.92399200000003,71.92703232000002,0.07192703232000003,17,3
2026-03-21 18:00:00,40.0,29.0,35,8.9,71,Chennai,30.25,12.531200000000002,12.029952000000002,0.012029952000000002,18,3
2026-03-21 19:00:00,0.0,28.4,38,6.6,76,Chennai,28.4,0.0,0.0,0.0,19,3
2026-03-21 20:00:00,0.0,28.0,33,6.1,80,Chennai,28.0,0.0,0.0,0.0,20,3
2026-03-21 21:00:00,0.0,27.8,43,5.4,80,Chennai,27.8,0.0,0.0,0.0,21,3
2026-03-21 22:00:00,0.0,27.6,61,4.6,81,Chennai,27.6,0.0,0.0,0.0,22,3
2026-03-21 23:00:00,0.0,27.5,69,4.1,83,Chennai,27.5,0.0,0.0,0.0,23,3
2026-03-22 00:00:00,0.0,27.3,73,3.4,82,Chennai,27.3,0.0,0.0,0.0,0,3
2026-03-22 01:00:00,0.0,27.2,75,2.6,82,Chennai,27.2,0.0,0.0,0.0,1,3
2026-03-22 02:00:00,0.0,27.2,82,2.3,82,Chennai,27.2,0.0,0.0,0.0,2,3
2026-03-22 03:00:00,0.0,27.0,78,2.6,83,Chennai,27.0,0.0,0.0,0.0,3,3
2026-03-22 04:00:00,0.0,26.9,79,2.6,84,Chennai,26.9,0.0,0.0,0.0,4,3
2026-03-22 05:00:00,0.0,26.6,78,3.8,87,Chennai,26.6,0.0,0.0,0.0,5,3
2026-03-22 06:00:00,3.0,26.6,81,3.8,85,Chennai,26.69375,0.9534960000000002,0.9153561600000002,0.0009153561600000002,6,3
2026-03-22 07:00:00,98.0,27.6,76,3.8,80,Chennai,30.6625,30.649696000000006,29.423708160000004,0.029423708160000003,7,3
2026-03-22 08:00:00,276.0,29.0,71,7.1,70,Chennai,37.625,83.85984000000002,80.50544640000001,0.08050544640000001,8,3
2026-03-22 09:00:00,460.0,30.4,78,7.9,62,Chennai,44.775,135.55648000000002,130.1342208,0.1301342208,9,3
2026-03-22 10:00:00,645.0,31.4,69,8.3,57,Chennai,51.55625,184.47516000000002,177.0961536,0.1770961536,10,3
2026-03-22 11:00:00,798.0,32.5,74,7.9,54,Chennai,57.4375,222.22704000000002,213.33795840000002,0.21333795840000003,11,3
2026-03-22 12:00:00,857.0,32.9,79,8.7,53,Chennai,59.68125,236.19605600000006,226.74821376000006,0.22674821376000007,12,3
2026-03-22 13:00:00,838.0,33.2,48,10.4,51,Chennai,59.3875,231.274592,222.02360832,0.22202360831999998,13,3
2026-03-22 14:00:00,833.0,33.0,25,10.5,51,Chennai,59.03125,230.27452000000002,221.0635392,0.22106353920000002,14,3
2026-03-22 15:00:00,695.0,32.3,25,11.1,54,Chennai,54.01875,196.58492,188.7215232,0.18872152320000002,15,3
2026-03-22 16:00:00,486.0,31.3,26,11.2,57,Chennai,46.4875,142.15305600000005,136.46693376000005,0.13646693376000005,16,3
2026-03-22 17:00:00,245.0,30.3,35,9.0,63,Chennai,37.95625,74.33692000000002,71.36344320000002,0.07136344320000002,17,3
2026-03-22 18:00:00,41.0,29.0,33,7.7,68,Chennai,30.28125,12.842840000000004,12.329126400000003,0.012329126400000003,18,3
2026-03-22 19:00:00,0.0,28.3,39,7.1,74,Chennai,28.3,0.0,0.0,0.0,19,3
2026-03-22 20:00:00,0.0,27.9,22,7.1,74,Chennai,27.9,0.0,0.0,0.0,20,3
2026-03-22 21:00:00,0.0,27.7,7,6.6,75,Chennai,27.7,0.0,0.0,0.0,21,3
2026-03-22 22:00:00,0.0,27.4,33,4.5,77,Chennai,27.4,0.0,0.0,0.0,22,3
2026-03-22 23:00:00,0.0,27.1,9,3.9,78,Chennai,27.1,0.0,0.0,0.0,23,3
2026-03-23 00:00:00,0.0,26.8,32,2.3,80,Chennai,26.8,0.0,0.0,0.0,0,3
2026-03-23 01:00:00,0.0,26.6,56,1.8,82,Chennai,26.6,0.0,0.0,0.0,1,3
2026-03-23 02:00:00,0.0,26.4,62,1.9,83,Chennai,26.4,0.0,0.0,0.0,2,3
2026-03-23 03:00:00,0.0,26.2,61,1.8,84,Chennai,26.2,0.0,0.0,0.0,3,3
2026-03-23 04:00:00,0.0,26.0,61,1.8,84,Chennai,26.0,0.0,0.0,0.0,4,3
2026-03-23 05:00:00,0.0,25.7,49,1.8,86,Chennai,25.7,0.0,0.0,0.0,5,3
2026-03-23 06:00:00,3.0,25.5,62,1.8,87,Chennai,25.59375,0.9577200000000001,0.9194112000000001,0.0009194112000000001,6,3
2026-03-23 07:00:00,106.0,26.4,63,2.3,83,Chennai,29.7125,33.28060800000001,31.949383680000008,0.031949383680000006,7,3
2026-03-23 08:00:00,330.0,28.5,41,4.3,71,Chennai,38.8125,99.76560000000002,95.77497600000001,0.09577497600000001,8,3
2026-03-23 09:00:00,563.0,30.4,41,6.8,60,Chennai,47.99375,163.589784,157.04619264000002,0.15704619264000003,9,3
2026-03-23 10:00:00,772.0,31.7,55,7.7,56,Chennai,55.825,216.57996800000006,207.91676928000007,0.20791676928000008,10,3
2026-03-23 11:00:00,871.0,32.8,53,8.2,51,Chennai,60.01875,239.67829600000005,230.09116416000003,0.23009116416000003,11,3
2026-03-23 12:00:00,919.0,33.2,43,9.2,48,Chennai,61.91875,250.65173600000003,240.62566656,0.24062566656,12,3
2026-03-23 13:00:00,935.0,33.5,30,9.8,46,Chennai,62.71875,254.05820000000006,243.89587200000005,0.24389587200000004,13,3
2026-03-23 14:00:00,856.0,33.2,31,10.2,47,Chennai,59.95,235.62598400000005,226.20094464000005,0.22620094464000004,14,3
2026-03-23 15:00:00,699.0,32.4,22,10.8,52,Chennai,54.24375,197.51503200000002,189.61443072,0.18961443072,15,3
2026-03-23 16:00:00,488.0,31.2,30,11.2,58,Chennai,46.45,142.76147200000003,137.05101312000002,0.13705101312,16,3
2026-03-23 17:00:00,245.0,30.2,38,9.8,63,Chennai,37.85625,74.36828000000001,71.3935488,0.07139354880000001,17,3
2026-03-23 18:00:00,40.0,28.9,43,8.5,68,Chennai,30.15,12.536320000000003,12.034867200000003,0.012034867200000002,18,3
2026-03-23 19:00:00,0.0,28.4,43,6.7,70,Chennai,28.4,0.0,0.0,0.0,19,3
2026-03-23 20:00:00,0.0,28.1,30,5.2,72,Chennai,28.1,0.0,0.0,0.0,20,3
2026-03-23 21:00:00,0.0,27.7,28,4.7,75,Chennai,27.7,0.0,0.0,0.0,21,3
2026-03-23 22:00:00,0.0,27.4,30,4.2,77,Chennai,27.4,0.0,0.0,0.0,22,3
2026-03-23 23:00:00,0.0,27.4,9,3.9,78,Chennai,27.4,0.0,0.0,0.0,23,3
2026-03-24 00:00:00,0.0,27.1,12,3.6,79,Chennai,27.1,0.0,0.0,0.0,0,3
2026-03-24 01:00:00,0.0,26.9,33,3.1,79,Chennai,26.9,0.0,0.0,0.0,1,3
2026-03-24 02:00:00,0.0,26.7,61,2.3,79,Chennai,26.7,0.0,0.0,0.0,2,3
2026-03-24 03:00:00,0.0,26.8,60,1.5,79,Chennai,26.8,0.0,0.0,0.0,3,3
2026-03-24 04:00:00,0.0,26.6,57,1.8,80,Chennai,26.6,0.0,0.0,0.0,4,3
2026-03-24 05:00:00,0.0,26.4,43,1.1,82,Chennai,26.4,0.0,0.0,0.0,5,3
2026-03-24 06:00:00,4.0,26.2,36,1.6,83,Chennai,26.325,1.2732160000000003,1.2222873600000004,0.0012222873600000004,6,3
2026-03-24 07:00:00,124.0,27.0,37,2.3,80,Chennai,30.875,38.74752000000001,37.197619200000005,0.037197619200000004,7,3
2026-03-24 08:00:00,335.0,29.0,54,5.4,68,Chennai,39.46875,100.99580000000002,96.95596800000001,0.09695596800000002,8,3
2026-03-24 09:00:00,518.0,30.4,54,7.0,61,Chennai,46.5875,151.446624,145.38875904,0.14538875904,9,3
2026-03-24 10:00:00,731.0,31.7,53,7.9,55,Chennai,54.54375,206.27650400000005,198.02544384000004,0.19802544384000004,10,3
2026-03-24 11:00:00,867.0,32.5,61,8.9,53,Chennai,59.59375,239.04924000000003,229.48727040000003,0.22948727040000003,11,3
2026-03-24 12:00:00,910.0,32.8,52,10.0,52,Chennai,61.2375,248.99056000000004,239.03093760000004,0.23903093760000005,12,3
2026-03-24 13:00:00,908.0,32.8,43,10.8,52,Chennai,61.175,248.51596800000004,238.57532928000003,0.23857532928000003,13,3
2026-03-24 14:00:00,830.0,32.5,28,11.1,52,Chennai,58.4375,230.07600000000005,220.87296000000003,0.22087296000000003,14,3
2026-03-24 15:00:00,693.0,31.9,15,11.4,52,Chennai,53.55625,196.42946400000002,188.57228544000003,0.18857228544000004,15,3
2026-03-24 16:00:00,490.0,30.9,21,11.7,56,Chennai,46.2125,143.49552000000003,137.7556992,0.1377556992,16,3
2026-03-24 17:00:00,247.0,29.5,24,11.2,62,Chennai,37.21875,75.17692000000002,72.16984320000002,0.07216984320000001,17,3
2026-03-24 18:00:00,41.0,28.3,26,9.3,69,Chennai,29.58125,12.879576000000002,12.364392960000002,0.012364392960000001,18,3
2026-03-24 19:00:00,0.0,27.7,3,7.2,70,Chennai,27.7,0.0,0.0,0.0,19,3
2026-03-24 20:00:00,0.0,27.3,21,6.2,74,Chennai,27.3,0.0,0.0,0.0,20,3
2026-03-24 21:00:00,0.0,27.0,17,5.2,78,Chennai,27.0,0.0,0.0,0.0,21,3
2026-03-24 22:00:00,0.0,26.8,49,4.4,79,Chennai,26.8,0.0,0.0,0.0,22,3
2026-03-24 23:00:00,0.0,26.6,52,3.6,80,Chennai,26.6,0.0,0.0,0.0,23,3
2026-03-25 00:00:00,0.0,26.4,54,1.9,81,Chennai,26.4,0.0,0.0,0.0,0,3
2026-03-25 01:00:00,0.0,26.3,52,1.1,81,Chennai,26.3,0.0,0.0,0.0,1,3
2026-03-25 02:00:00,0.0,25.8,54,2.3,83,Chennai,25.8,0.0,0.0,0.0,2,3
2026-03-25 03:00:00,0.0,25.3,48,2.6,85,Chennai,25.3,0.0,0.0,0.0,3,3
2026-03-25 04:00:00,0.0,25.0,50,3.2,86,Chennai,25.0,0.0,0.0,0.0,4,3
2026-03-25 05:00:00,0.0,24.6,53,3.8,87,Chennai,24.6,0.0,0.0,0.0,5,3
2026-03-25 06:00:00,5.0,24.4,56,3.7,87,Chennai,24.55625,1.6028400000000005,1.5387264000000005,0.0015387264000000006,6,3
2026-03-25 07:00:00,106.0,25.5,62,4.3,81,Chennai,28.8125,33.40272000000001,32.06661120000001,0.03206661120000001,7,3
2026-03-25 08:00:00,315.0,27.7,56,5.1,70,Chennai,37.54375,95.74236000000003,91.91266560000003,0.09191266560000003,8,3
2026-03-25 09:00:00,560.0,29.7,39,4.7,61,Chennai,47.2,163.28704000000005,156.75555840000004,0.15675555840000005,9,3
2026-03-25 10:00:00,754.0,31.4,48,4.9,54,Chennai,54.9625,212.36259200000003,203.86808832000003,0.20386808832000003,10,3
2026-03-25 11:00:00,887.0,32.8,41,5.4,51,Chennai,60.51875,243.51343200000005,233.77289472000004,0.23377289472000004,11,3
2026-03-25 12:00:00,942.0,33.6,43,7.7,48,Chennai,63.0375,255.57590400000004,245.35286784000002,0.24535286784000002,12,3
2026-03-25 13:00:00,932.0,33.5,29,10.2,48,Chennai,62.625,253.35488000000007,243.22068480000004,0.24322068480000003,13,3
2026-03-25 14:00:00,856.0,32.8,0,10.6,48,Chennai,59.55,236.06425600000006,226.62168576000005,0.22662168576000005,14,3
2026-03-25 15:00:00,710.0,32.0,0,11.0,50,Chennai,54.1875,200.67440000000005,192.64742400000003,0.19264742400000004,15,3
2026-03-25 16:00:00,495.0,30.8,6,11.4,56,Chennai,46.26875,144.92412000000002,139.1271552,0.1391271552,16,3
2026-03-25 17:00:00,248.0,29.4,28,10.8,64,Chennai,37.15,75.50310400000002,72.48297984000001,0.07248297984000002,17,3
2026-03-25 18:00:00,41.0,28.2,33,9.2,69,Chennai,29.48125,12.884824000000004,12.369431040000004,0.012369431040000003,18,3
2026-03-25 19:00:00,0.0,27.6,33,7.2,71,Chennai,27.6,0.0,0.0,0.0,19,3
2026-03-25 20:00:00,0.0,27.3,32,6.0,74,Chennai,27.3,0.0,0.0,0.0,20,3
2026-03-25 21:00:00,0.0,27.0,32,4.7,77,Chennai,27.0,0.0,0.0,0.0,21,3
2026-03-25 22:00:00,0.0,26.7,45,3.4,79,Chennai,26.7,0.0,0.0,0.0,22,3
2026-03-25 23:00:00,0.0,26.5,45,1.8,80,Chennai,26.5,0.0,0.0,0.0,23,3
2026-03-26 00:00:00,0.0,26.4,49,1.1,82,Chennai,26.4,0.0,0.0,0.0,0,3
2026-03-26 01:00:00,0.0,26.2,52,1.3,82,Chennai,26.2,0.0,0.0,0.0,1,3
2026-03-26 02:00:00,0.0,25.9,52,1.5,83,Chennai,25.9,0.0,0.0,0.0,2,3
2026-03-26 03:00:00,0.0,25.4,55,1.6,86,Chennai,25.4,0.0,0.0,0.0,3,3
2026-03-26 04:00:00,0.0,24.8,48,2.2,89,Chennai,24.8,0.0,0.0,0.0,4,3
2026-03-26 05:00:00,0.0,24.5,63,2.7,90,Chennai,24.5,0.0,0.0,0.0,5,3
2026-03-26 06:00:00,5.0,24.2,67,3.3,92,Chennai,24.35625,1.6041200000000002,1.5399552,0.0015399552,6,3
2026-03-26 07:00:00,113.0,25.3,55,3.0,87,Chennai,28.83125,35.605848,34.18161408,0.034181614080000006,7,3
2026-03-26 08:00:00,345.0,27.6,48,3.2,74,Chennai,38.38125,104.49084000000002,100.31120640000002,0.10031120640000002,8,3
2026-03-26 09:00:00,552.0,29.7,38,3.6,63,Chennai,46.95,161.13100800000004,154.68576768000003,0.15468576768000003,9,3
2026-03-26 10:00:00,747.0,31.4,53,5.7,56,Chennai,54.74375,210.60021600000002,202.17620736,0.20217620736,10,3
2026-03-26 11:00:00,848.0,32.4,46,6.6,53,Chennai,58.9,234.56358400000008,225.18104064000008,0.22518104064000008,11,3
2026-03-26 12:00:00,937.0,33.1,37,8.0,50,Chennai,62.38125,255.006424,244.80616704,0.24480616704,12,3
2026-03-26 13:00:00,951.0,33.2,22,9.7,47,Chennai,62.91875,258.16226400000005,247.83577344000003,0.24783577344000002,13,3
2026-03-26 14:00:00,865.0,32.7,7,10.4,48,Chennai,59.73125,238.34556000000006,228.81173760000004,0.22881173760000004,14,3
2026-03-26 15:00:00,712.0,31.9,6,10.4,51,Chennai,54.15,201.27385600000002,193.22290176,0.19322290176,15,3
2026-03-26 16:00:00,495.0,30.9,8,10.1,55,Chennai,46.36875,144.86076000000003,139.06632960000002,0.1390663296,16,3
2026-03-26 17:00:00,250.0,29.6,19,9.4,62,Chennai,37.4125,76.02800000000002,72.98688000000001,0.07298688000000002,17,3
2026-03-26 18:00:00,41.0,28.3,0,7.5,68,Chennai,29.58125,12.879576000000002,12.364392960000002,0.012364392960000001,18,3
2026-03-26 19:00:00,0.0,27.6,0,5.5,73,Chennai,27.6,0.0,0.0,0.0,19,3
2026-03-26 20:00:00,0.0,27.2,0,3.3,76,Chennai,27.2,0.0,0.0,0.0,20,3
2026-03-26 21:00:00,0.0,26.8,4,2.5,80,Chennai,26.8,0.0,0.0,0.0,21,3
2026-03-26 22:00:00,0.0,26.5,23,1.8,82,Chennai,26.5,0.0,0.0,0.0,22,3
2026-03-26 23:00:00,0.0,26.2,27,1.8,83,Chennai,26.2,0.0,0.0,0.0,23,3
2026-03-27 00:00:00,0.0,25.8,15,1.5,85,Chennai,25.8,0.0,0.0,0.0,0,3
2026-03-27 01:00:00,0.0,25.3,7,2.6,86,Chennai,25.3,0.0,0.0,0.0,1,3
2026-03-27 02:00:00,0.0,24.7,28,3.0,88,Chennai,24.7,0.0,0.0,0.0,2,3
2026-03-27 03:00:00,0.0,24.3,24,2.7,90,Chennai,24.3,0.0,0.0,0.0,3,3
2026-03-27 04:00:00,0.0,23.9,48,2.9,91,Chennai,23.9,0.0,0.0,0.0,4,3
2026-03-27 05:00:00,0.0,23.7,56,4.4,91,Chennai,23.7,0.0,0.0,0.0,5,3
2026-03-27 06:00:00,6.0,23.7,36,2.7,90,Chennai,23.8875,1.9285440000000005,1.8514022400000003,0.0018514022400000004,6,3
2026-03-27 07:00:00,136.0,24.8,30,4.0,84,Chennai,29.05,42.81497600000001,41.10237696000001,0.041102376960000006,7,3
2026-03-27 08:00:00,370.0,27.3,26,4.0,74,Chennai,38.8625,111.83472000000002,107.36133120000001,0.10736133120000001,8,3
2026-03-27 09:00:00,604.0,29.7,41,3.3,62,Chennai,48.575,175.05369600000003,168.05154816,0.16805154816,9,3
2026-03-27 10:00:00,793.0,31.8,27,4.4,55,Chennai,56.58125,221.70376800000003,212.83561728,0.21283561728,10,3
2026-03-27 11:00:00,933.0,33.4,15,6.7,49,Chennai,62.55625,253.70882400000002,243.56047104,0.24356047104,11,3
2026-03-27 12:00:00,1000.0,34.0,10,8.4,45,Chennai,65.25,268.48,257.74080000000004,0.25774080000000005,12,3
2026-03-27 13:00:00,985.0,34.0,5,9.8,43,Chennai,64.78125,265.04380000000003,254.44204800000003,0.25444204800000003,13,3
2026-03-27 14:00:00,891.0,33.6,0,10.6,43,Chennai,61.44375,243.55663200000006,233.81436672000007,0.23381436672000006,14,3
2026-03-27 15:00:00,736.0,32.6,0,11.1,47,Chennai,55.6,206.69235200000003,198.42465792000002,0.19842465792000002,15,3
2026-03-27 16:00:00,531.0,31.2,0,10.9,54,Chennai,47.79375,154.42754400000004,148.25044224000004,0.14825044224000003,16,3
2026-03-27 17:00:00,292.0,29.9,0,10.3,61,Chennai,39.025,88.19801600000001,84.67009536,0.08467009536,17,3
2026-03-27 18:00:00,62.0,28.9,1,8.7,66,Chennai,30.8375,19.376736000000005,18.601666560000005,0.018601666560000004,18,3
2026-03-27 19:00:00,0.0,28.0,2,6.9,72,Chennai,28.0,0.0,0.0,0.0,19,3
2026-03-27 20:00:00,0.0,27.3,3,5.3,76,Chennai,27.3,0.0,0.0,0.0,20,3
2026-03-27 21:00:00,0.0,26.8,2,4.5,80,Chennai,26.8,0.0,0.0,0.0,21,3
2026-03-27 22:00:00,0.0,26.4,1,3.6,83,Chennai,26.4,0.0,0.0,0.0,22,3
2026-03-27 23:00:00,0.0,26.0,0,3.5,85,Chennai,26.0,0.0,0.0,0.0,23,3
2026-03-28 00:00:00,0.0,25.5,6,3.3,87,Chennai,25.5,0.0,0.0,0.0,0,3
2026-03-28 01:00:00,0.0,24.9,12,3.2,89,Chennai,24.9,0.0,0.0,0.0,1,3
2026-03-28 02:00:00,0.0,24.4,18,3.4,90,Chennai,24.4,0.0,0.0,0.0,2,3
2026-03-28 03:00:00,0.0,23.9,15,3.2,91,Chennai,23.9,0.0,0.0,0.0,3,3
2026-03-28 04:00:00,0.0,23.4,13,3.1,92,Chennai,23.4,0.0,0.0,0.0,4,3
2026-03-28 05:00:00,0.0,23.4,10,3.3,91,Chennai,23.4,0.0,0.0,0.0,5,3
2026-03-28 06:00:00,8.0,24.1,29,4.1,88,Chennai,24.35,2.5666560000000005,2.4639897600000005,0.0024639897600000006,6,3
2026-03-28 07:00:00,141.0,25.4,49,5.1,82,Chennai,29.80625,44.25256800000001,42.48246528000001,0.042482465280000006,7,3
2026-03-28 08:00:00,312.0,27.0,68,5.9,76,Chennai,36.75,95.14752000000001,91.34161920000001,0.09134161920000002,8,3
2026-03-28 09:00:00,497.0,29.0,67,6.6,68,Chennai,44.53125,146.615,140.7504,0.14075040000000003,9,3
2026-03-28 10:00:00,690.0,31.2,65,7.3,59,Chennai,52.7625,196.28016000000005,188.42895360000006,0.18842895360000006,10,3
2026-03-28 11:00:00,843.0,33.2,64,7.6,52,Chennai,59.54375,232.48591200000004,223.18647552000004,0.22318647552000004,11,3
2026-03-28 12:00:00,927.0,34.8,52,7.3,47,Chennai,63.76875,250.63855200000006,240.61300992000005,0.24061300992000006,12,3
2026-03-28 13:00:00,936.0,36.2,40,7.9,43,Chennai,65.45,251.05766400000002,241.01535744,0.24101535744,13,3
2026-03-28 14:00:00,864.0,36.5,28,9.2,43,Chennai,63.5,233.90208000000007,224.54599680000007,0.22454599680000006,14,3
2026-03-28 15:00:00,720.0,35.2,19,10.3,47,Chennai,57.7,200.26368000000002,192.2531328,0.1922531328,15,3
2026-03-28 16:00:00,521.0,32.8,9,11.2,54,Chennai,49.08125,150.66069600000003,144.63426816000003,0.14463426816000002,16,3
2026-03-28 17:00:00,288.0,30.7,0,11.2,61,Chennai,39.7,86.74099200000002,83.27135232000002,0.08327135232000002,17,3
2026-03-28 18:00:00,61.0,29.4,0,10.3,67,Chennai,31.30625,19.027608000000004,18.266503680000003,0.018266503680000004,18,3
2026-03-28 19:00:00,0.0,28.4,0,8.7,73,Chennai,28.4,0.0,0.0,0.0,19,3
2026-03-28 20:00:00,0.0,27.6,0,7.4,78,Chennai,27.6,0.0,0.0,0.0,20,3
2026-03-28 21:00:00,0.0,27.1,9,6.5,82,Chennai,27.1,0.0,0.0,0.0,21,3
2026-03-28 22:00:00,0.0,26.8,17,6.0,84,Chennai,26.8,0.0,0.0,0.0,22,3
2026-03-28 23:00:00,0.0,26.5,26,5.2,87,Chennai,26.5,0.0,0.0,0.0,23,3
2026-03-29 00:00:00,0.0,26.0,28,4.0,90,Chennai,26.0,0.0,0.0,0.0,0,3
2026-03-29 01:00:00,0.0,25.5,30,3.6,93,Chennai,25.5,0.0,0.0,0.0,1,3
2026-03-29 02:00:00,0.0,25.1,32,3.9,95,Chennai,25.1,0.0,0.0,0.0,2,3
2026-03-29 03:00:00,0.0,24.7,38,4.1,95,Chennai,24.7,0.0,0.0,0.0,3,3
2026-03-29 04:00:00,0.0,24.4,45,4.6,94,Chennai,24.4,0.0,0.0,0.0,4,3
2026-03-29 05:00:00,0.0,24.6,51,5.3,91,Chennai,24.6,0.0,0.0,0.0,5,3
2026-03-29 06:00:00,10.0,25.5,52,6.5,86,Chennai,25.8125,3.189600000000001,3.0620160000000007,0.0030620160000000007,6,3
2026-03-29 07:00:00,156.0,26.9,54,8.2,80,Chennai,31.775,48.56716800000001,46.624481280000005,0.046624481280000005,7,3
2026-03-29 08:00:00,344.0,28.6,55,9.2,73,Chennai,39.35,103.76140800000003,99.61095168000003,0.09961095168000003,8,3
2026-03-29 09:00:00,545.0,30.9,58,9.6,63,Chennai,47.93125,158.40316,152.0670336,0.1520670336,9,3
2026-03-29 10:00:00,749.0,33.6,60,9.3,52,Chennai,57.00625,208.99496800000003,200.63516928,0.20063516928000003,10,3
2026-03-29 11:00:00,909.0,35.6,63,8.8,44,Chennai,64.00625,245.49544800000007,235.67563008000005,0.23567563008000006,11,3
2026-03-29 12:00:00,984.0,36.7,46,8.8,41,Chennai,67.45,261.4133760000001,250.95684096000008,0.2509568409600001,12,3
2026-03-29 13:00:00,973.0,37.2,30,10.2,42,Chennai,67.60625,258.29647200000005,247.96461312000005,0.24796461312000007,13,3
2026-03-29 14:00:00,885.0,36.9,13,12.2,44,Chennai,64.55625,238.39068000000003,228.8550528,0.22885505280000001,14,3
2026-03-29 15:00:00,731.0,35.5,9,13.0,49,Chennai,58.34375,202.72092000000004,194.61208320000003,0.19461208320000004,15,3
2026-03-29 16:00:00,526.0,33.2,4,13.0,56,Chennai,49.6375,151.732064,145.66278144,0.14566278144,16,3
2026-03-29 17:00:00,288.0,31.2,0,12.6,63,Chennai,40.2,86.55667200000002,83.09440512000002,0.08309440512000002,17,3
2026-03-29 18:00:00,62.0,29.9,11,11.2,70,Chennai,31.8375,19.297376000000003,18.525480960000003,0.018525480960000004,18,3
2026-03-29 19:00:00,0.0,28.9,22,9.5,77,Chennai,28.9,0.0,0.0,0.0,19,3
2026-03-29 20:00:00,0.0,28.1,33,7.9,82,Chennai,28.1,0.0,0.0,0.0,20,3
2026-03-29 21:00:00,0.0,27.8,50,7.4,85,Chennai,27.8,0.0,0.0,0.0,21,3
2026-03-29 22:00:00,0.0,27.7,68,7.0,86,Chennai,27.7,0.0,0.0,0.0,22,3
2026-03-29 23:00:00,0.0,27.6,85,6.5,87,Chennai,27.6,0.0,0.0,0.0,23,3
2026-03-30 00:00:00,0.0,27.4,82,5.9,88,Chennai,27.4,0.0,0.0,0.0,0,3
2026-03-30 01:00:00,0.0,27.2,78,5.4,89,Chennai,27.2,0.0,0.0,0.0,1,3
2026-03-30 02:00:00,0.0,26.9,75,5.2,90,Chennai,26.9,0.0,0.0,0.0,2,3
2026-03-30 03:00:00,0.0,26.6,83,4.8,91,Chennai,26.6,0.0,0.0,0.0,3,3
2026-03-30 04:00:00,0.0,26.2,92,4.4,93,Chennai,26.2,0.0,0.0,0.0,4,3
2026-03-30 05:00:00,0.0,26.3,100,4.8,92,Chennai,26.3,0.0,0.0,0.0,5,3
2026-03-30 06:00:00,10.0,26.9,82,6.4,88,Chennai,27.2125,3.1716800000000007,3.0448128000000008,0.0030448128000000007,6,3
2026-03-30 07:00:00,146.0,27.8,64,8.2,82,Chennai,32.3625,45.34409600000001,43.53033216000001,0.043530332160000004,7,3
2026-03-30 08:00:00,320.0,29.1,46,9.2,75,Chennai,39.1,96.62464000000001,92.75965440000002,0.09275965440000002,8,3
2026-03-30 09:00:00,512.0,31.0,46,9.2,66,Chennai,47.0,149.42208000000002,143.44519680000002,0.1434451968,9,3
2026-03-30 10:00:00,713.0,33.1,46,8.7,57,Chennai,55.38125,200.43285600000004,192.41554176000002,0.19241554176000003,10,3
2026-03-30 11:00:00,869.0,34.7,46,8.6,50,Chennai,61.85625,237.08405600000003,227.60069376,0.22760069376,11,3
2026-03-30 12:00:00,937.0,35.5,44,9.3,48,Chennai,64.78125,252.12796000000003,242.04284160000003,0.24204284160000003,12,3
2026-03-30 13:00:00,921.0,35.8,42,10.6,48,Chennai,64.58125,248.05845600000006,238.13611776000005,0.23813611776000004,13,3
2026-03-30 14:00:00,836.0,35.5,40,11.9,50,Chennai,61.625,228.32832000000005,219.19518720000005,0.21919518720000006,14,3
2026-03-30 15:00:00,701.0,34.5,27,12.1,53,Chennai,56.40625,196.13980000000004,188.29420800000003,0.18829420800000002,15,3
2026-03-30 16:00:00,515.0,32.9,13,11.9,56,Chennai,48.99375,148.98332000000002,143.02398720000002,0.14302398720000004,16,3
2026-03-30 17:00:00,287.0,31.4,0,11.2,61,Chennai,40.36875,86.19413600000001,82.74637056000002,0.08274637056000002,17,3
2026-03-30 18:00:00,61.0,30.1,8,10.2,68,Chennai,32.00625,18.972952000000003,18.214033920000002,0.01821403392,18,3
2026-03-30 19:00:00,0.0,28.9,16,9.1,75,Chennai,28.9,0.0,0.0,0.0,19,3
2026-03-30 20:00:00,0.0,28.1,24,8.1,81,Chennai,28.1,0.0,0.0,0.0,20,3
2026-03-30 21:00:00,0.0,27.7,26,7.8,83,Chennai,27.7,0.0,0.0,0.0,21,3
2026-03-30 22:00:00,0.0,27.6,28,7.0,83,Chennai,27.6,0.0,0.0,0.0,22,3
2026-03-30 23:00:00,0.0,27.5,30,6.5,83,Chennai,27.5,0.0,0.0,0.0,23,3
2026-03-17 00:00:00,0.0,20.3,99,5.2,75,Delhi,20.3,0.0,0.0,0.0,0,3
2026-03-17 01:00:00,0.0,19.6,89,4.9,79,Delhi,19.6,0.0,0.0,0.0,1,3
2026-03-17 02:00:00,0.0,18.9,69,4.5,80,Delhi,18.9,0.0,0.0,0.0,2,3
2026-03-17 03:00:00,0.0,18.5,71,4.0,80,Delhi,18.5,0.0,0.0,0.0,3,3
2026-03-17 04:00:00,0.0,18.2,94,3.5,80,Delhi,18.2,0.0,0.0,0.0,4,3
2026-03-17 05:00:00,0.0,17.7,33,3.8,81,Delhi,17.7,0.0,0.0,0.0,5,3
2026-03-17 06:00:00,0.0,17.3,100,3.4,81,Delhi,17.3,0.0,0.0,0.0,6,3
2026-03-17 07:00:00,56.0,17.4,100,2.9,80,Delhi,19.15,18.339328000000002,17.605754880000003,0.01760575488,7,3
2026-03-17 08:00:00,201.0,18.7,100,3.4,73,Delhi,24.98125,64.324824,61.751831040000006,0.06175183104,8,3
2026-03-17 09:00:00,354.0,20.5,100,3.0,65,Delhi,31.5625,110.30640000000001,105.89414400000001,0.10589414400000001,9,3
2026-03-17 10:00:00,576.0,22.9,94,2.7,58,Delhi,40.9,172.59724800000004,165.69335808000002,0.16569335808000002,10,3
2026-03-17 11:00:00,767.0,26.7,91,4.3,46,Delhi,50.66875,220.23944800000004,211.42987008000003,0.21142987008000003,11,3
2026-03-17 12:00:00,848.0,28.2,87,5.4,42,Delhi,54.7,239.12243200000006,229.55753472000006,0.22955753472000007,12,3
2026-03-17 13:00:00,826.0,29.1,79,6.1,39,Delhi,54.9125,232.69411200000005,223.38634752000004,0.22338634752000006,13,3
2026-03-17 14:00:00,790.0,29.8,32,6.8,36,Delhi,54.4875,222.98224000000005,214.06295040000003,0.21406295040000003,14,3
2026-03-17 15:00:00,668.0,30.0,38,6.8,34,Delhi,50.875,191.63584000000003,183.97040640000003,0.18397040640000004,15,3
2026-03-17 16:00:00,473.0,29.6,31,7.9,36,Delhi,44.38125,139.62581600000004,134.04078336000003,0.13404078336000003,16,3
2026-03-17 17:00:00,254.0,29.2,38,6.8,36,Delhi,37.1375,77.33385600000001,74.24050176000001,0.07424050176000002,17,3
2026-03-17 18:00:00,55.0,27.7,37,4.7,41,Delhi,29.41875,17.288920000000005,16.597363200000004,0.016597363200000003,18,3
2026-03-17 19:00:00,0.0,26.0,96,3.6,49,Delhi,26.0,0.0,0.0,0.0,19,3
2026-03-17 20:00:00,0.0,24.9,100,3.6,54,Delhi,24.9,0.0,0.0,0.0,20,3
2026-03-17 21:00:00,0.0,24.0,100,3.6,57,Delhi,24.0,0.0,0.0,0.0,21,3
2026-03-17 22:00:00,0.0,23.1,100,4.0,60,Delhi,23.1,0.0,0.0,0.0,22,3
2026-03-17 23:00:00,0.0,22.4,100,3.3,64,Delhi,22.4,0.0,0.0,0.0,23,3
2026-03-18 00:00:00,0.0,21.6,97,3.1,66,Delhi,21.6,0.0,0.0,0.0,0,3
2026-03-18 01:00:00,0.0,21.1,93,2.9,66,Delhi,21.1,0.0,0.0,0.0,1,3
2026-03-18 02:00:00,0.0,20.6,97,2.9,67,Delhi,20.6,0.0,0.0,0.0,2,3
2026-03-18 03:00:00,0.0,20.1,100,2.3,67,Delhi,20.1,0.0,0.0,0.0,3,3
2026-03-18 04:00:00,0.0,19.5,81,3.0,69,Delhi,19.5,0.0,0.0,0.0,4,3
2026-03-18 05:00:00,0.0,19.3,0,3.0,73,Delhi,19.3,0.0,0.0,0.0,5,3
2026-03-18 06:00:00,0.0,19.0,4,2.6,72,Delhi,19.0,0.0,0.0,0.0,6,3
2026-03-18 07:00:00,71.0,19.0,5,2.5,73,Delhi,21.21875,23.063640000000007,22.141094400000007,0.02214109440000001,7,3
2026-03-18 08:00:00,276.0,20.3,3,3.3,66,Delhi,28.925,86.93337600000002,83.45604096000002,0.08345604096000002,8,3
2026-03-18 09:00:00,496.0,22.8,4,1.8,60,Delhi,38.3,150.27609600000002,144.26505216,0.14426505216000002,9,3
2026-03-18 10:00:00,678.0,25.5,8,2.1,51,Delhi,46.6875,198.13872000000003,190.21317120000003,0.19021317120000003,10,3
2026-03-18 11:00:00,813.0,27.9,15,2.9,43,Delhi,53.30625,230.70338400000003,221.47524864000002,0.22147524864,11,3
2026-03-18 12:00:00,882.0,29.4,9,3.1,41,Delhi,56.9625,246.15561600000007,236.30939136000006,0.23630939136000007,12,3
2026-03-18 13:00:00,880.0,30.5,32,1.8,37,Delhi,58.0,244.42880000000008,234.65164800000008,0.23465164800000007,13,3
2026-03-18 14:00:00,786.0,31.2,68,1.1,34,Delhi,55.7625,220.57046400000004,211.74764544000004,0.21174764544000005,14,3
2026-03-18 15:00:00,590.0,31.3,100,0.4,29,Delhi,49.7375,170.11824000000004,163.31351040000004,0.16331351040000003,15,3
2026-03-18 16:00:00,312.0,30.7,100,2.9,30,Delhi,40.45,93.66988800000001,89.92309248000001,0.08992309248000001,16,3
2026-03-18 17:00:00,126.0,30.6,100,4.8,34,Delhi,34.5375,38.781792,37.230520320000004,0.03723052032,17,3
2026-03-18 18:00:00,28.0,29.0,100,5.0,41,Delhi,29.875,8.785280000000002,8.4338688,0.008433868800000001,18,3
2026-03-18 19:00:00,0.0,26.7,99,3.3,52,Delhi,26.7,0.0,0.0,0.0,19,3
2026-03-18 20:00:00,0.0,25.2,100,7.5,60,Delhi,25.2,0.0,0.0,0.0,20,3
2026-03-18 21:00:00,0.0,24.1,100,6.6,64,Delhi,24.1,0.0,0.0,0.0,21,3
2026-03-18 22:00:00,0.0,23.4,100,6.8,66,Delhi,23.4,0.0,0.0,0.0,22,3
2026-03-18 23:00:00,0.0,21.9,100,6.4,77,Delhi,21.9,0.0,0.0,0.0,23,3
2026-03-19 00:00:00,0.0,21.3,100,9.5,78,Delhi,21.3,0.0,0.0,0.0,0,3
2026-03-19 01:00:00,0.0,20.4,100,12.2,73,Delhi,20.4,0.0,0.0,0.0,1,3
2026-03-19 02:00:00,0.0,19.9,100,10.5,70,Delhi,19.9,0.0,0.0,0.0,2,3
2026-03-19 03:00:00,0.0,19.2,99,8.9,72,Delhi,19.2,0.0,0.0,0.0,3,3
2026-03-19 04:00:00,0.0,18.9,94,9.3,72,Delhi,18.9,0.0,0.0,0.0,4,3
2026-03-19 05:00:00,0.0,20.5,68,5.2,71,Delhi,20.5,0.0,0.0,0.0,5,3
2026-03-19 06:00:00,0.0,20.0,63,6.1,73,Delhi,20.0,0.0,0.0,0.0,6,3
2026-03-19 07:00:00,41.0,20.2,100,3.1,73,Delhi,21.48125,13.304664000000004,12.772477440000003,0.012772477440000003,7,3
2026-03-19 08:00:00,110.0,20.1,100,4.9,76,Delhi,23.5375,35.40592000000001,33.98968320000001,0.03398968320000001,8,3
2026-03-19 09:00:00,251.0,21.3,100,5.4,70,Delhi,29.14375,78.98869600000002,75.82914816000002,0.07582914816000001,9,3
2026-03-19 10:00:00,372.0,22.6,97,2.6,66,Delhi,34.225,114.64742400000002,110.06152704000002,0.11006152704000001,10,3
2026-03-19 11:00:00,505.0,24.9,98,5.0,60,Delhi,40.68125,151.46364000000003,145.40509440000002,0.14540509440000002,11,3
2026-03-19 12:00:00,424.0,25.9,99,4.6,56,Delhi,39.15,128.00051200000004,122.88049152000004,0.12288049152000004,12,3
2026-03-19 13:00:00,442.0,25.9,100,6.7,58,Delhi,39.7125,133.11625600000002,127.79160576000001,0.12779160576,13,3
2026-03-19 14:00:00,358.0,25.0,100,7.5,64,Delhi,36.1875,109.43344000000002,105.05610240000001,0.10505610240000002,14,3
2026-03-19 15:00:00,353.0,25.1,100,9.0,61,Delhi,36.13125,107.93045600000002,103.61323776000002,0.10361323776000002,15,3
2026-03-19 16:00:00,98.0,22.6,100,5.6,76,Delhi,25.6625,31.276896000000004,30.025820160000002,0.03002582016,16,3
2026-03-19 17:00:00,58.0,21.8,100,9.0,83,Delhi,23.6125,18.663008,17.91648768,0.01791648768,17,3
2026-03-19 18:00:00,25.0,21.4,100,7.6,84,Delhi,22.18125,8.090200000000001,7.766592000000001,0.007766592000000001,18,3
2026-03-19 19:00:00,0.0,20.7,100,9.7,85,Delhi,20.7,0.0,0.0,0.0,19,3
2026-03-19 20:00:00,0.0,20.1,100,8.7,85,Delhi,20.1,0.0,0.0,0.0,20,3
2026-03-19 21:00:00,0.0,19.6,100,9.2,83,Delhi,19.6,0.0,0.0,0.0,21,3
2026-03-19 22:00:00,0.0,19.0,100,6.6,82,Delhi,19.0,0.0,0.0,0.0,22,3
2026-03-19 23:00:00,0.0,18.7,73,5.1,86,Delhi,18.7,0.0,0.0,0.0,23,3
2026-03-20 00:00:00,0.0,18.4,100,4.6,86,Delhi,18.4,0.0,0.0,0.0,0,3
2026-03-20 01:00:00,0.0,18.3,100,4.0,87,Delhi,18.3,0.0,0.0,0.0,1,3
2026-03-20 02:00:00,0.0,18.2,100,3.6,87,Delhi,18.2,0.0,0.0,0.0,2,3
2026-03-20 03:00:00,0.0,17.9,98,5.2,88,Delhi,17.9,0.0,0.0,0.0,3,3
2026-03-20 04:00:00,0.0,17.6,100,4.4,89,Delhi,17.6,0.0,0.0,0.0,4,3
2026-03-20 05:00:00,0.0,17.4,100,5.2,88,Delhi,17.4,0.0,0.0,0.0,5,3
2026-03-20 06:00:00,0.0,17.1,100,4.5,92,Delhi,17.1,0.0,0.0,0.0,6,3
2026-03-20 07:00:00,12.0,17.1,100,2.6,93,Delhi,17.475,3.955584000000001,3.797360640000001,0.003797360640000001,7,3
2026-03-20 08:00:00,41.0,17.3,100,7.2,92,Delhi,18.58125,13.456856000000002,12.918581760000002,0.012918581760000002,8,3
2026-03-20 09:00:00,116.0,17.8,100,6.4,90,Delhi,21.425,37.650816000000006,36.144783360000005,0.03614478336,9,3
2026-03-20 10:00:00,228.0,18.6,100,4.4,84,Delhi,25.725,72.748416,69.83847936000001,0.06983847936000001,10,3
2026-03-20 11:00:00,359.0,19.0,100,5.1,81,Delhi,30.21875,112.48188000000003,107.98260480000003,0.10798260480000003,11,3
2026-03-20 12:00:00,376.0,19.8,100,3.7,74,Delhi,31.55,117.16761600000002,112.48091136000002,0.11248091136000002,12,3
2026-03-20 13:00:00,333.0,19.5,100,3.8,75,Delhi,29.90625,104.46876000000002,100.29000960000002,0.10029000960000002,13,3
2026-03-20 14:00:00,301.0,19.6,100,4.8,75,Delhi,29.00625,94.77647200000003,90.98541312000002,0.09098541312000002,14,3
2026-03-20 15:00:00,231.0,19.4,99,5.2,76,Delhi,26.61875,73.44136800000001,70.50371328000001,0.07050371328000002,15,3
2026-03-20 16:00:00,134.0,18.9,100,6.8,80,Delhi,23.0875,43.20803200000001,41.47971072000001,0.04147971072000001,16,3
2026-03-20 17:00:00,65.0,20.0,100,5.1,75,Delhi,22.03125,21.047000000000008,20.205120000000008,0.020205120000000007,17,3
2026-03-20 18:00:00,42.0,19.6,100,5.5,75,Delhi,20.9125,13.659744000000003,13.113354240000003,0.013113354240000003,18,3
2026-03-20 19:00:00,0.0,18.9,100,4.4,81,Delhi,18.9,0.0,0.0,0.0,19,3
2026-03-20 20:00:00,0.0,18.3,38,4.4,86,Delhi,18.3,0.0,0.0,0.0,20,3
2026-03-20 21:00:00,0.0,17.7,7,3.4,90,Delhi,17.7,0.0,0.0,0.0,21,3
2026-03-20 22:00:00,0.0,17.2,0,2.5,92,Delhi,17.2,0.0,0.0,0.0,22,3
2026-03-20 23:00:00,0.0,17.2,0,0.8,91,Delhi,17.2,0.0,0.0,0.0,23,3
2026-03-21 00:00:00,0.0,16.8,0,2.5,94,Delhi,16.8,0.0,0.0,0.0,0,3
2026-03-21 01:00:00,0.0,16.3,0,1.4,96,Delhi,16.3,0.0,0.0,0.0,1,3
2026-03-21 02:00:00,0.0,15.8,44,1.5,99,Delhi,15.8,0.0,0.0,0.0,2,3
2026-03-21 03:00:00,0.0,15.4,85,2.4,100,Delhi,15.4,0.0,0.0,0.0,3,3
2026-03-21 04:00:00,0.0,15.3,90,3.7,100,Delhi,15.3,0.0,0.0,0.0,4,3
2026-03-21 05:00:00,0.0,15.0,87,4.0,100,Delhi,15.0,0.0,0.0,0.0,5,3
2026-03-21 06:00:00,0.0,14.9,100,3.6,100,Delhi,14.9,0.0,0.0,0.0,6,3
2026-03-21 07:00:00,46.0,15.0,93,2.6,98,Delhi,16.4375,15.224160000000005,14.615193600000005,0.014615193600000005,7,3
2026-03-21 08:00:00,199.0,16.2,76,1.8,92,Delhi,22.41875,64.33749600000002,61.76399616000001,0.061763996160000015,8,3
2026-03-21 09:00:00,443.0,18.3,43,1.5,83,Delhi,32.14375,137.70920800000002,132.20083968,0.13220083968000002,9,3
2026-03-21 10:00:00,678.0,20.7,34,3.5,71,Delhi,41.8875,202.30435200000002,194.21217792000002,0.19421217792,10,3
2026-03-21 11:00:00,808.0,23.5,7,4.1,57,Delhi,48.75,233.99680000000006,224.63692800000004,0.22463692800000004,11,3
2026-03-21 12:00:00,896.0,25.0,68,5.1,50,Delhi,53.0,254.60736000000003,244.42306560000003,0.24442306560000002,12,3
2026-03-21 13:00:00,854.0,26.0,63,5.9,45,Delhi,52.6875,243.01424000000003,233.29367040000002,0.2332936704,13,3
2026-03-21 14:00:00,815.0,26.6,65,7.7,42,Delhi,52.06875,232.56188000000006,223.25940480000006,0.22325940480000006,14,3
2026-03-21 15:00:00,683.0,26.7,26,7.9,41,Delhi,48.04375,198.41423200000003,190.47766272,0.19047766272000002,15,3
2026-03-21 16:00:00,464.0,26.3,100,8.1,44,Delhi,40.8,139.096064,133.53222144,0.13353222144,16,3
2026-03-21 17:00:00,193.0,25.3,100,7.1,47,Delhi,31.33125,60.19592800000001,57.788090880000006,0.057788090880000004,17,3
2026-03-21 18:00:00,43.0,24.0,100,4.1,54,Delhi,25.34375,13.741080000000004,13.191436800000004,0.013191436800000003,18,3
2026-03-21 19:00:00,0.0,22.7,85,3.9,62,Delhi,22.7,0.0,0.0,0.0,19,3
2026-03-21 20:00:00,0.0,21.7,25,3.9,67,Delhi,21.7,0.0,0.0,0.0,20,3
2026-03-21 21:00:00,0.0,20.8,89,3.8,71,Delhi,20.8,0.0,0.0,0.0,21,3
2026-03-21 22:00:00,0.0,20.1,100,3.4,75,Delhi,20.1,0.0,0.0,0.0,22,3
2026-03-21 23:00:00,0.0,20.0,62,4.0,78,Delhi,20.0,0.0,0.0,0.0,23,3
2026-03-22 00:00:00,0.0,19.4,9,3.7,80,Delhi,19.4,0.0,0.0,0.0,0,3
2026-03-22 01:00:00,0.0,18.9,18,3.4,83,Delhi,18.9,0.0,0.0,0.0,1,3
2026-03-22 02:00:00,0.0,18.4,0,3.2,85,Delhi,18.4,0.0,0.0,0.0,2,3
2026-03-22 03:00:00,0.0,18.0,11,3.7,86,Delhi,18.0,0.0,0.0,0.0,3,3
2026-03-22 04:00:00,0.0,17.5,26,3.5,88,Delhi,17.5,0.0,0.0,0.0,4,3
2026-03-22 05:00:00,0.0,17.0,0,4.0,89,Delhi,17.0,0.0,0.0,0.0,5,3
2026-03-22 06:00:00,0.0,16.6,0,4.0,91,Delhi,16.6,0.0,0.0,0.0,6,3
2026-03-22 07:00:00,83.0,17.1,0,3.8,88,Delhi,19.69375,27.123736000000008,26.038786560000005,0.026038786560000006,7,3
2026-03-22 08:00:00,295.0,18.9,0,5.0,77,Delhi,28.11875,93.22236000000002,89.49346560000002,0.08949346560000002,8,3
2026-03-22 09:00:00,509.0,21.2,6,5.5,67,Delhi,37.10625,154.992536,148.79283456,0.14879283455999998,9,3
2026-03-22 10:00:00,699.0,23.4,3,7.2,57,Delhi,45.24375,205.56751200000002,197.34481152,0.19734481152,10,3
2026-03-22 11:00:00,832.0,25.4,0,7.0,49,Delhi,51.4,238.12505600000006,228.60005376000004,0.22860005376000003,11,3
2026-03-22 12:00:00,899.0,26.8,2,9.2,46,Delhi,54.89375,253.28066400000006,243.14943744000004,0.24314943744000003,12,3
2026-03-22 13:00:00,894.0,27.8,0,9.4,43,Delhi,55.7375,250.90646400000003,240.87020544,0.24087020544,13,3
2026-03-22 14:00:00,817.0,28.5,0,9.5,40,Delhi,54.03125,231.08028000000004,221.83706880000003,0.22183706880000004,14,3
2026-03-22 15:00:00,676.0,28.7,0,9.5,37,Delhi,49.825,194.83942400000004,187.04584704000004,0.18704584704000005,15,3
2026-03-22 16:00:00,489.0,28.5,0,9.1,36,Delhi,43.78125,144.72444000000002,138.9354624,0.13893546240000001,16,3
2026-03-22 17:00:00,270.0,28.1,15,7.8,39,Delhi,36.5375,82.41264000000001,79.1161344,0.07911613440000001,17,3
2026-03-22 18:00:00,64.0,26.4,0,4.7,46,Delhi,28.4,20.201472000000006,19.393413120000005,0.019393413120000005,18,3
2026-03-22 19:00:00,0.0,25.0,24,3.5,54,Delhi,25.0,0.0,0.0,0.0,19,3
2026-03-22 20:00:00,0.0,24.0,38,3.4,58,Delhi,24.0,0.0,0.0,0.0,20,3
2026-03-22 21:00:00,0.0,23.6,43,2.8,60,Delhi,23.6,0.0,0.0,0.0,21,3
2026-03-22 22:00:00,0.0,23.0,81,3.1,61,Delhi,23.0,0.0,0.0,0.0,22,3
2026-03-22 23:00:00,0.0,22.4,95,3.1,66,Delhi,22.4,0.0,0.0,0.0,23,3
2026-03-23 00:00:00,0.0,22.0,78,2.4,67,Delhi,22.0,0.0,0.0,0.0,0,3
2026-03-23 01:00:00,0.0,21.4,69,2.5,70,Delhi,21.4,0.0,0.0,0.0,1,3
2026-03-23 02:00:00,0.0,20.8,100,2.6,73,Delhi,20.8,0.0,0.0,0.0,2,3
2026-03-23 03:00:00,0.0,20.5,100,1.1,75,Delhi,20.5,0.0,0.0,0.0,3,3
2026-03-23 04:00:00,0.0,20.3,100,3.9,75,Delhi,20.3,0.0,0.0,0.0,4,3
2026-03-23 05:00:00,0.0,20.1,100,6.2,74,Delhi,20.1,0.0,0.0,0.0,5,3
2026-03-23 06:00:00,0.0,19.8,100,5.6,76,Delhi,19.8,0.0,0.0,0.0,6,3
2026-03-23 07:00:00,21.0,19.7,100,4.4,77,Delhi,20.35625,6.844824000000002,6.571031040000001,0.006571031040000001,7,3
2026-03-23 08:00:00,61.0,19.7,100,4.8,78,Delhi,21.60625,19.784984,18.99358464,0.018993584640000002,8,3
2026-03-23 09:00:00,103.0,19.9,100,4.9,80,Delhi,23.11875,33.20802400000001,31.879703040000006,0.031879703040000006,9,3
2026-03-23 10:00:00,440.0,21.8,49,3.9,74,Delhi,35.55,134.85824000000002,129.46391040000003,0.12946391040000002,10,3
2026-03-23 11:00:00,766.0,24.1,58,4.0,65,Delhi,48.0375,222.53219200000007,213.63090432000004,0.21363090432000004,11,3
2026-03-23 12:00:00,799.0,25.8,55,6.1,58,Delhi,50.76875,229.32578400000006,220.15275264000005,0.22015275264000003,12,3
2026-03-23 13:00:00,803.0,26.5,61,5.1,56,Delhi,51.59375,229.62588000000002,220.4408448,0.2204408448,13,3
2026-03-23 14:00:00,660.0,26.5,86,3.9,56,Delhi,47.125,192.50880000000004,184.80844800000003,0.18480844800000001,14,3
2026-03-23 15:00:00,589.0,26.4,100,4.3,57,Delhi,44.80625,173.54767200000003,166.60576512000003,0.16660576512000003,15,3
2026-03-23 16:00:00,404.0,25.4,97,4.2,61,Delhi,38.025,122.54451200000003,117.64273152000003,0.11764273152000003,16,3
2026-03-23 17:00:00,229.0,27.1,47,4.5,53,Delhi,34.25625,70.56680800000002,67.74413568000001,0.06774413568000001,17,3
2026-03-23 18:00:00,61.0,26.0,11,2.2,57,Delhi,27.90625,19.293080000000003,18.521356800000003,0.018521356800000003,18,3
2026-03-23 19:00:00,0.0,25.0,24,2.9,61,Delhi,25.0,0.0,0.0,0.0,19,3
2026-03-23 20:00:00,0.0,24.0,0,4.1,68,Delhi,24.0,0.0,0.0,0.0,20,3
2026-03-23 21:00:00,0.0,22.8,0,4.7,76,Delhi,22.8,0.0,0.0,0.0,21,3
2026-03-23 22:00:00,0.0,21.6,37,8.9,83,Delhi,21.6,0.0,0.0,0.0,22,3
2026-03-23 23:00:00,0.0,21.7,45,5.4,80,Delhi,21.7,0.0,0.0,0.0,23,3
2026-03-24 00:00:00,0.0,21.1,35,2.6,83,Delhi,21.1,0.0,0.0,0.0,0,3
2026-03-24 01:00:00,0.0,21.1,47,1.0,83,Delhi,21.1,0.0,0.0,0.0,1,3
2026-03-24 02:00:00,0.0,20.9,51,0.7,83,Delhi,20.9,0.0,0.0,0.0,2,3
2026-03-24 03:00:00,0.0,20.8,44,0.8,83,Delhi,20.8,0.0,0.0,0.0,3,3
2026-03-24 04:00:00,0.0,20.4,15,1.9,84,Delhi,20.4,0.0,0.0,0.0,4,3
2026-03-24 05:00:00,0.0,20.1,0,2.2,85,Delhi,20.1,0.0,0.0,0.0,5,3
2026-03-24 06:00:00,1.0,19.8,0,2.3,87,Delhi,19.83125,0.3266160000000001,0.31355136000000006,0.00031355136000000005,6,3
2026-03-24 07:00:00,90.0,20.2,0,2.1,86,Delhi,23.0125,29.02896,27.8678016,0.0278678016,7,3
2026-03-24 08:00:00,302.0,22.0,0,2.2,80,Delhi,31.4375,94.15152,90.3854592,0.0903854592,8,3
2026-03-24 09:00:00,521.0,24.3,0,4.0,69,Delhi,40.58125,156.32917600000002,150.07600896000002,0.15007600896000003,9,3
2026-03-24 10:00:00,707.0,26.2,0,5.6,62,Delhi,48.29375,205.16008800000003,196.95368448000002,0.19695368448000003,10,3
2026-03-24 11:00:00,840.0,27.7,16,7.5,53,Delhi,53.95,237.67296000000005,228.16604160000003,0.22816604160000004,11,3
2026-03-24 12:00:00,905.0,28.8,18,9.2,46,Delhi,57.08125,252.43708000000007,242.33959680000007,0.24233959680000006,12,3
2026-03-24 13:00:00,887.0,29.5,97,9.4,42,Delhi,57.21875,247.26012000000003,237.36971520000003,0.23736971520000003,13,3
2026-03-24 14:00:00,751.0,29.8,100,9.2,40,Delhi,53.26875,213.14581600000002,204.61998336000002,0.20461998336,14,3
2026-03-24 15:00:00,618.0,29.9,54,8.9,39,Delhi,49.2125,178.60694400000006,171.46266624000003,0.17146266624000003,15,3
2026-03-24 16:00:00,464.0,29.7,40,8.9,39,Delhi,44.2,137.076736,131.59366656,0.13159366656,16,3
2026-03-24 17:00:00,259.0,29.0,36,8.0,38,Delhi,37.09375,78.87068000000001,75.71585280000001,0.07571585280000001,17,3
2026-03-24 18:00:00,64.0,27.6,100,4.2,44,Delhi,29.6,20.103168000000004,19.299041280000004,0.019299041280000005,18,3
2026-03-24 19:00:00,0.0,26.4,100,3.3,50,Delhi,26.4,0.0,0.0,0.0,19,3
2026-03-24 20:00:00,0.0,25.5,43,3.3,54,Delhi,25.5,0.0,0.0,0.0,20,3
2026-03-24 21:00:00,0.0,24.6,10,3.2,58,Delhi,24.6,0.0,0.0,0.0,21,3
2026-03-24 22:00:00,0.0,24.0,37,2.6,61,Delhi,24.0,0.0,0.0,0.0,22,3
2026-03-24 23:00:00,0.0,23.7,100,1.8,61,Delhi,23.7,0.0,0.0,0.0,23,3
2026-03-25 00:00:00,0.0,23.2,32,3.5,62,Delhi,23.2,0.0,0.0,0.0,0,3
2026-03-25 01:00:00,0.0,22.4,20,3.7,64,Delhi,22.4,0.0,0.0,0.0,1,3
2026-03-25 02:00:00,0.0,21.8,0,3.0,67,Delhi,21.8,0.0,0.0,0.0,2,3
2026-03-25 03:00:00,0.0,21.6,8,2.9,65,Delhi,21.6,0.0,0.0,0.0,3,3
2026-03-25 04:00:00,0.0,21.1,0,2.7,66,Delhi,21.1,0.0,0.0,0.0,4,3
2026-03-25 05:00:00,0.0,20.8,0,1.6,66,Delhi,20.8,0.0,0.0,0.0,5,3
2026-03-25 06:00:00,1.0,20.8,0,4.6,65,Delhi,20.83125,0.32533600000000007,0.3123225600000001,0.00031232256000000006,6,3
2026-03-25 07:00:00,94.0,20.6,0,3.1,70,Delhi,23.5375,30.255968000000003,29.045729280000003,0.02904572928,7,3
2026-03-25 08:00:00,308.0,22.4,16,2.3,64,Delhi,32.025,95.79046400000001,91.95884544,0.09195884544,8,3
2026-03-25 09:00:00,527.0,25.0,0,3.8,57,Delhi,41.46875,157.53084000000004,151.22960640000002,0.15122960640000002,9,3
2026-03-25 10:00:00,713.0,27.3,0,6.1,47,Delhi,49.58125,205.72616800000006,197.49712128000004,0.19749712128000005,10,3
2026-03-25 11:00:00,845.0,28.8,2,6.1,41,Delhi,55.20625,237.72892000000004,228.21976320000005,0.22821976320000004,11,3
2026-03-25 12:00:00,911.0,30.0,60,6.9,38,Delhi,58.46875,252.49276000000003,242.3930496,0.24239304960000002,12,3
2026-03-25 13:00:00,897.0,30.7,100,7.2,37,Delhi,58.73125,248.31112800000008,238.37868288000007,0.23837868288000008,13,3
2026-03-25 14:00:00,760.0,31.1,100,7.8,34,Delhi,54.85,214.16192000000007,205.59544320000006,0.20559544320000006,14,3
2026-03-25 15:00:00,627.0,31.1,100,7.7,33,Delhi,50.69375,180.01922400000004,172.81845504000003,0.17281845504000004,15,3
2026-03-25 16:00:00,488.0,30.9,14,7.1,33,Delhi,46.15,142.94886400000001,137.23090944,0.13723090944,16,3
2026-03-25 17:00:00,267.0,30.2,65,5.0,36,Delhi,38.54375,80.81128800000002,77.57883648000002,0.07757883648000002,17,3
2026-03-25 18:00:00,65.0,28.9,78,2.6,44,Delhi,30.93125,20.306520000000003,19.494259200000002,0.019494259200000003,18,3
2026-03-25 19:00:00,0.0,28.0,13,2.0,46,Delhi,28.0,0.0,0.0,0.0,19,3
2026-03-25 20:00:00,0.0,27.3,12,2.9,49,Delhi,27.3,0.0,0.0,0.0,20,3
2026-03-25 21:00:00,0.0,26.6,77,3.2,50,Delhi,26.6,0.0,0.0,0.0,21,3
2026-03-25 22:00:00,0.0,25.7,15,2.8,53,Delhi,25.7,0.0,0.0,0.0,22,3
2026-03-25 23:00:00,0.0,25.2,85,3.1,54,Delhi,25.2,0.0,0.0,0.0,23,3
2026-03-26 00:00:00,0.0,24.5,35,3.0,54,Delhi,24.5,0.0,0.0,0.0,0,3
2026-03-26 01:00:00,0.0,23.6,41,3.6,56,Delhi,23.6,0.0,0.0,0.0,1,3
2026-03-26 02:00:00,0.0,22.9,71,3.7,57,Delhi,22.9,0.0,0.0,0.0,2,3
2026-03-26 03:00:00,0.0,22.7,16,2.5,56,Delhi,22.7,0.0,0.0,0.0,3,3
2026-03-26 04:00:00,0.0,22.7,35,2.4,54,Delhi,22.7,0.0,0.0,0.0,4,3
2026-03-26 05:00:00,0.0,22.1,44,3.2,55,Delhi,22.1,0.0,0.0,0.0,5,3
2026-03-26 06:00:00,1.0,21.8,31,3.1,57,Delhi,21.83125,0.32405600000000007,0.31109376000000005,0.0003110937600000001,6,3
2026-03-26 07:00:00,92.0,21.9,10,3.1,58,Delhi,24.775,29.466496000000003,28.28783616,0.02828783616,7,3
2026-03-26 08:00:00,306.0,23.5,13,3.4,52,Delhi,33.0625,94.76208000000001,90.97159680000001,0.09097159680000001,8,3
2026-03-26 09:00:00,526.0,25.6,9,3.4,45,Delhi,42.0375,156.848992,150.57503232,0.15057503232,9,3
2026-03-26 10:00:00,711.0,27.8,25,2.9,40,Delhi,50.01875,204.75093600000002,196.56089856000003,0.19656089856000003,10,3
2026-03-26 11:00:00,841.0,29.7,12,3.1,37,Delhi,55.98125,235.76930400000003,226.33853184000003,0.22633853184000002,11,3
2026-03-26 12:00:00,906.0,31.0,2,4.6,33,Delhi,59.3125,250.12848000000008,240.12334080000008,0.24012334080000008,12,3
2026-03-26 13:00:00,902.0,31.8,8,5.5,31,Delhi,59.9875,248.24483200000003,238.31503872000002,0.23831503872,13,3
2026-03-26 14:00:00,821.0,32.2,26,6.0,31,Delhi,57.85625,228.19202400000003,219.06434304,0.21906434304,14,3
2026-03-26 15:00:00,674.0,32.1,31,6.0,32,Delhi,53.1625,191.38364800000002,183.72830208000002,0.18372830208000002,15,3
2026-03-26 16:00:00,485.0,31.9,99,5.0,33,Delhi,47.05625,141.50748000000002,135.84718080000002,0.13584718080000002,16,3
2026-03-26 17:00:00,264.0,31.3,44,4.5,36,Delhi,39.55,79.56326400000002,76.38073344000001,0.07638073344000001,17,3
2026-03-26 18:00:00,66.0,29.8,58,3.5,43,Delhi,31.8625,20.540256000000007,19.718645760000005,0.019718645760000004,18,3
2026-03-26 19:00:00,0.0,28.6,100,3.4,47,Delhi,28.6,0.0,0.0,0.0,19,3
2026-03-26 20:00:00,0.0,27.5,98,3.8,50,Delhi,27.5,0.0,0.0,0.0,20,3
2026-03-26 21:00:00,0.0,26.1,100,6.5,56,Delhi,26.1,0.0,0.0,0.0,21,3
2026-03-26 22:00:00,0.0,25.4,100,4.6,58,Delhi,25.4,0.0,0.0,0.0,22,3
2026-03-26 23:00:00,0.0,24.8,99,6.4,58,Delhi,24.8,0.0,0.0,0.0,23,3
2026-03-27 00:00:00,0.0,24.2,86,5.8,58,Delhi,24.2,0.0,0.0,0.0,0,3
2026-03-27 01:00:00,0.0,23.6,60,4.5,61,Delhi,23.6,0.0,0.0,0.0,1,3
2026-03-27 02:00:00,0.0,23.2,80,5.1,63,Delhi,23.2,0.0,0.0,0.0,2,3
2026-03-27 03:00:00,0.0,22.6,36,5.7,64,Delhi,22.6,0.0,0.0,0.0,3,3
2026-03-27 04:00:00,0.0,22.1,48,6.1,65,Delhi,22.1,0.0,0.0,0.0,4,3
2026-03-27 05:00:00,0.0,21.7,38,6.0,66,Delhi,21.7,0.0,0.0,0.0,5,3
2026-03-27 06:00:00,1.0,21.2,33,5.6,69,Delhi,21.23125,0.32482400000000006,0.31183104000000006,0.00031183104000000005,6,3
2026-03-27 07:00:00,89.0,21.5,44,6.8,69,Delhi,24.28125,28.561880000000002,27.419404800000002,0.0274194048,7,3
2026-03-27 08:00:00,273.0,22.5,50,7.8,67,Delhi,31.03125,85.25244000000002,81.84234240000002,0.08184234240000002,8,3
2026-03-27 09:00:00,488.0,24.2,33,7.6,62,Delhi,39.45,147.13395200000002,141.24859392000002,0.14124859392000003,9,3
2026-03-27 10:00:00,691.0,26.2,4,7.2,57,Delhi,47.79375,200.95938400000003,192.92100864000003,0.19292100864000003,10,3
2026-03-27 11:00:00,841.0,28.1,0,7.9,50,Delhi,54.38125,237.49167200000005,227.99200512000004,0.22799200512000004,11,3
2026-03-27 12:00:00,914.0,29.4,13,8.9,45,Delhi,57.9625,253.91651200000007,243.75985152000007,0.24375985152000007,12,3
2026-03-27 13:00:00,899.0,30.4,27,10.7,40,Delhi,58.49375,249.13807200000008,239.17254912000007,0.23917254912000008,13,3
2026-03-27 14:00:00,818.0,31.0,40,11.7,37,Delhi,56.5625,228.71280000000004,219.56428800000003,0.21956428800000002,14,3
2026-03-27 15:00:00,687.0,31.1,38,11.8,36,Delhi,52.56875,195.59714400000001,187.77325824000002,0.18777325824000002,15,3
2026-03-27 16:00:00,512.0,30.6,36,11.4,36,Delhi,46.6,149.68422400000003,143.69685504000003,0.14369685504000004,16,3
2026-03-27 17:00:00,306.0,29.9,34,10.5,38,Delhi,39.4625,92.25532800000002,88.56511488000001,0.08856511488,17,3
2026-03-27 18:00:00,97.0,28.8,30,8.4,42,Delhi,31.83125,30.191832000000005,28.984158720000003,0.028984158720000004,18,3
2026-03-27 19:00:00,0.0,27.3,26,6.3,49,Delhi,27.3,0.0,0.0,0.0,19,3
2026-03-27 20:00:00,0.0,26.1,22,4.2,54,Delhi,26.1,0.0,0.0,0.0,20,3
2026-03-27 21:00:00,0.0,25.2,28,3.4,58,Delhi,25.2,0.0,0.0,0.0,21,3
2026-03-27 22:00:00,0.0,24.6,33,3.6,60,Delhi,24.6,0.0,0.0,0.0,22,3
2026-03-27 23:00:00,0.0,24.0,39,3.3,63,Delhi,24.0,0.0,0.0,0.0,23,3
2026-03-28 00:00:00,0.0,23.4,26,2.6,66,Delhi,23.4,0.0,0.0,0.0,0,3
2026-03-28 01:00:00,0.0,22.8,13,2.5,68,Delhi,22.8,0.0,0.0,0.0,1,3
2026-03-28 02:00:00,0.0,22.2,0,3.2,71,Delhi,22.2,0.0,0.0,0.0,2,3
2026-03-28 03:00:00,0.0,21.6,0,3.2,74,Delhi,21.6,0.0,0.0,0.0,3,3
2026-03-28 04:00:00,0.0,20.9,0,3.1,77,Delhi,20.9,0.0,0.0,0.0,4,3
2026-03-28 05:00:00,0.0,20.7,0,3.0,78,Delhi,20.7,0.0,0.0,0.0,5,3
2026-03-28 06:00:00,2.0,21.1,18,3.0,77,Delhi,21.1625,0.6498240000000001,0.62383104,0.00062383104,6,3
2026-03-28 07:00:00,112.0,21.8,35,2.6,74,Delhi,25.3,35.796992,34.36511232,0.03436511232,7,3
2026-03-28 08:00:00,277.0,23.0,53,2.6,69,Delhi,31.65625,86.27996000000002,82.8287616,0.08282876160000001,8,3
2026-03-28 09:00:00,453.0,25.0,60,2.9,60,Delhi,39.15625,136.75164000000004,131.28157440000004,0.13128157440000005,9,3
2026-03-28 10:00:00,634.0,27.4,67,3.6,50,Delhi,47.2125,184.85411200000004,177.45994752000004,0.17745994752000005,10,3
2026-03-28 11:00:00,769.0,29.3,74,4.4,42,Delhi,53.33125,218.19298400000002,209.46526464000002,0.20946526464,11,3
2026-03-28 12:00:00,816.0,30.2,83,5.2,39,Delhi,55.7,229.05446400000005,219.89228544000005,0.21989228544000006,12,3
2026-03-28 13:00:00,784.0,30.6,91,6.4,39,Delhi,55.1,220.67404800000003,211.84708608000003,0.21184708608000002,13,3
2026-03-28 14:00:00,702.0,30.8,100,6.5,39,Delhi,52.7375,199.71619200000004,191.72754432000002,0.19172754432000003,14,3
2026-03-28 15:00:00,587.0,31.0,71,5.8,39,Delhi,49.34375,169.54908000000003,162.76711680000003,0.16276711680000003,15,3
2026-03-28 16:00:00,440.0,31.0,42,4.8,39,Delhi,44.75,129.67680000000004,124.48972800000004,0.12448972800000004,16,3
2026-03-28 17:00:00,267.0,30.6,13,4.0,40,Delhi,38.94375,80.67458400000001,77.44760064,0.07744760064,17,3
2026-03-28 18:00:00,89.0,29.8,13,2.3,44,Delhi,32.58125,27.616344000000005,26.511690240000004,0.026511690240000003,18,3
2026-03-28 19:00:00,0.0,28.6,12,0.5,49,Delhi,28.6,0.0,0.0,0.0,19,3
2026-03-28 20:00:00,0.0,27.6,12,2.1,53,Delhi,27.6,0.0,0.0,0.0,20,3
2026-03-28 21:00:00,0.0,26.8,41,2.3,56,Delhi,26.8,0.0,0.0,0.0,21,3
2026-03-28 22:00:00,0.0,26.1,71,1.8,58,Delhi,26.1,0.0,0.0,0.0,22,3
2026-03-28 23:00:00,0.0,25.6,100,1.5,60,Delhi,25.6,0.0,0.0,0.0,23,3
2026-03-29 00:00:00,0.0,25.1,76,1.8,62,Delhi,25.1,0.0,0.0,0.0,0,3
2026-03-29 01:00:00,0.0,24.7,53,1.9,63,Delhi,24.7,0.0,0.0,0.0,1,3
2026-03-29 02:00:00,0.0,24.4,29,1.9,65,Delhi,24.4,0.0,0.0,0.0,2,3
2026-03-29 03:00:00,0.0,23.9,53,1.5,68,Delhi,23.9,0.0,0.0,0.0,3,3
2026-03-29 04:00:00,0.0,23.4,76,1.4,70,Delhi,23.4,0.0,0.0,0.0,4,3
2026-03-29 05:00:00,0.0,23.2,100,1.8,72,Delhi,23.2,0.0,0.0,0.0,5,3
2026-03-29 06:00:00,3.0,23.4,70,1.8,72,Delhi,23.49375,0.9657840000000001,0.9271526400000001,0.00092715264,6,3
2026-03-29 07:00:00,120.0,23.9,40,1.9,71,Delhi,27.65,37.99296000000001,36.47324160000001,0.03647324160000001,7,3
2026-03-29 08:00:00,292.0,24.8,10,2.3,68,Delhi,33.925,90.10419200000001,86.50002432000001,0.08650002432000001,8,3
2026-03-29 09:00:00,476.0,26.7,19,3.3,61,Delhi,41.575,142.22118400000002,136.53233664,0.13653233664,9,3
2026-03-29 10:00:00,663.0,29.0,28,4.4,52,Delhi,49.71875,191.18268000000003,183.53537280000003,0.18353537280000004,10,3
2026-03-29 11:00:00,810.0,31.0,37,5.3,45,Delhi,56.3125,226.73520000000005,217.66579200000004,0.21766579200000005,11,3
2026-03-29 12:00:00,891.0,32.2,58,5.6,41,Delhi,60.04375,245.15330400000005,235.34717184000004,0.23534717184000004,12,3
2026-03-29 13:00:00,897.0,33.0,79,5.8,38,Delhi,61.03125,245.67036000000004,235.84354560000003,0.23584354560000004,13,3
2026-03-29 14:00:00,802.0,33.3,100,5.2,37,Delhi,58.3625,222.39139200000005,213.49573632000005,0.21349573632000005,14,3
2026-03-29 15:00:00,601.0,32.9,100,4.2,39,Delhi,51.68125,171.79464800000005,164.92286208000004,0.16492286208000004,15,3
2026-03-29 16:00:00,367.0,32.1,100,6.4,43,Delhi,43.56875,108.71714400000003,104.36845824000002,0.10436845824000002,16,3
2026-03-29 17:00:00,182.0,31.1,100,8.6,48,Delhi,36.7875,55.493984000000005,53.27422464,0.05327422464,17,3
2026-03-29 18:00:00,54.0,29.9,96,8.7,54,Delhi,31.5875,16.824672000000003,16.151685120000003,0.016151685120000002,18,3
2026-03-29 19:00:00,0.0,28.6,91,7.7,60,Delhi,28.6,0.0,0.0,0.0,19,3
2026-03-29 20:00:00,0.0,27.5,87,6.3,64,Delhi,27.5,0.0,0.0,0.0,20,3
2026-03-29 21:00:00,0.0,26.7,91,5.1,62,Delhi,26.7,0.0,0.0,0.0,21,3
2026-03-29 22:00:00,0.0,26.2,96,5.4,58,Delhi,26.2,0.0,0.0,0.0,22,3
2026-03-29 23:00:00,0.0,25.8,100,5.5,55,Delhi,25.8,0.0,0.0,0.0,23,3
2026-03-30 00:00:00,0.0,25.4,100,3.3,55,Delhi,25.4,0.0,0.0,0.0,0,3
2026-03-30 01:00:00,0.0,25.0,100,3.1,57,Delhi,25.0,0.0,0.0,0.0,1,3
2026-03-30 02:00:00,0.0,24.6,100,4.8,60,Delhi,24.6,0.0,0.0,0.0,2,3
2026-03-30 03:00:00,0.0,23.9,100,3.3,65,Delhi,23.9,0.0,0.0,0.0,3,3
2026-03-30 04:00:00,0.0,23.1,100,1.9,70,Delhi,23.1,0.0,0.0,0.0,4,3
2026-03-30 05:00:00,0.0,22.7,100,3.4,74,Delhi,22.7,0.0,0.0,0.0,5,3
2026-03-30 06:00:00,2.0,22.7,100,3.8,75,Delhi,22.7625,0.6457280000000001,0.61989888,0.0006198988800000001,6,3
2026-03-30 07:00:00,68.0,23.0,100,3.2,74,Delhi,25.125,21.749120000000005,20.879155200000003,0.020879155200000003,7,3
2026-03-30 08:00:00,169.0,23.8,100,2.6,71,Delhi,29.08125,53.19714400000001,51.06925824,0.051069258240000005,8,3
2026-03-30 09:00:00,323.0,25.5,100,2.1,63,Delhi,35.59375,98.98012000000001,95.0209152,0.0950209152,9,3
2026-03-30 10:00:00,526.0,27.7,100,1.5,52,Delhi,44.1375,155.43510400000002,149.21769984000002,0.14921769984000002,10,3
2026-03-30 11:00:00,684.0,29.4,100,2.3,44,Delhi,50.775,196.31347200000005,188.46093312000005,0.18846093312000006,11,3
2026-03-30 12:00:00,714.0,30.3,100,4.0,39,Delhi,52.6125,203.24438400000005,195.11460864000006,0.19511460864000005,12,3
2026-03-30 13:00:00,641.0,30.6,100,6.0,37,Delhi,50.63125,184.09007200000002,176.72646912000002,0.17672646912,13,3
2026-03-30 14:00:00,520.0,30.3,100,7.0,38,Delhi,46.55,152.05632000000003,145.9740672,0.1459740672,14,3
2026-03-30 15:00:00,373.0,29.0,100,6.9,46,Delhi,40.65625,111.88508000000002,107.40967680000001,0.10740967680000002,15,3
2026-03-30 16:00:00,223.0,27.1,100,6.4,58,Delhi,34.06875,68.771416,66.02055936,0.06602055936,16,3
2026-03-30 17:00:00,114.0,25.5,100,5.7,67,Delhi,29.0625,35.88720000000001,34.45171200000001,0.03445171200000001,17,3
2026-03-30 18:00:00,41.0,24.7,100,5.0,71,Delhi,25.98125,13.068504000000003,12.545763840000001,0.012545763840000002,18,3
2026-03-30 19:00:00,0.0,24.4,100,4.2,73,Delhi,24.4,0.0,0.0,0.0,19,3
2026-03-30 20:00:00,0.0,24.0,100,3.4,75,Delhi,24.0,0.0,0.0,0.0,20,3
2026-03-30 21:00:00,0.0,23.6,100,3.2,77,Delhi,23.6,0.0,0.0,0.0,21,3
2026-03-30 22:00:00,0.0,23.2,100,3.1,79,Delhi,23.2,0.0,0.0,0.0,22,3
2026-03-30 23:00:00,0.0,22.9,100,3.1,80,Delhi,22.9,0.0,0.0,0.0,23,3
2026-03-17 00:00:00,0.0,21.9,53,2.6,77,Bengaluru,21.9,0.0,0.0,0.0,0,3
2026-03-17 01:00:00,0.0,21.3,6,1.3,80,Bengaluru,21.3,0.0,0.0,0.0,1,3
2026-03-17 02:00:00,0.0,21.0,0,2.5,81,Bengaluru,21.0,0.0,0.0,0.0,2,3
2026-03-17 03:00:00,0.0,20.4,0,2.7,83,Bengaluru,20.4,0.0,0.0,0.0,3,3
2026-03-17 04:00:00,0.0,20.1,0,2.4,84,Bengaluru,20.1,0.0,0.0,0.0,4,3
2026-03-17 05:00:00,0.0,20.1,0,2.6,76,Bengaluru,20.1,0.0,0.0,0.0,5,3
2026-03-17 06:00:00,0.0,19.8,8,2.6,78,Bengaluru,19.8,0.0,0.0,0.0,6,3
2026-03-17 07:00:00,90.0,20.3,15,2.9,77,Bengaluru,23.1125,29.017440000000004,27.8567424,0.027856742400000002,7,3
2026-03-17 08:00:00,334.0,22.8,0,4.9,67,Bengaluru,33.2375,103.35830400000002,99.22397184000002,0.09922397184000002,8,3
2026-03-17 09:00:00,576.0,24.9,0,8.8,61,Bengaluru,42.9,171.12268800000004,164.27778048000002,0.16427778048000002,9,3
2026-03-17 10:00:00,769.0,26.7,34,9.0,58,Bengaluru,50.73125,220.75221600000003,211.92212736000002,0.21192212736000002,10,3
2026-03-17 11:00:00,916.0,28.4,45,7.2,53,Bengaluru,57.025,255.57132800000005,245.34847488000003,0.24534847488000003,11,3
2026-03-17 12:00:00,944.0,29.8,75,5.3,44,Bengaluru,59.3,260.63462400000003,250.20923904000003,0.25020923904000003,12,3
2026-03-17 13:00:00,800.0,30.7,89,6.9,38,Bengaluru,55.7,224.56320000000005,215.58067200000005,0.21558067200000006,13,3
2026-03-17 14:00:00,698.0,30.8,100,6.4,34,Bengaluru,52.6125,198.68988800000005,190.74229248000003,0.19074229248000002,14,3
2026-03-17 15:00:00,445.0,30.3,100,8.1,34,Bengaluru,44.20625,131.46012000000002,126.20171520000001,0.1262017152,15,3
2026-03-17 16:00:00,322.0,30.0,100,10.0,34,Bengaluru,40.0625,96.83184000000001,92.95856640000001,0.09295856640000001,16,3
2026-03-17 17:00:00,130.0,29.3,67,8.3,36,Bengaluru,33.3625,40.20848000000001,38.600140800000005,0.03860014080000001,17,3
2026-03-17 18:00:00,32.0,26.5,100,10.3,47,Bengaluru,27.5,10.137600000000003,9.732096000000002,0.009732096000000003,18,3
2026-03-17 19:00:00,0.0,23.5,100,1.8,63,Bengaluru,23.5,0.0,0.0,0.0,19,3
2026-03-17 20:00:00,0.0,23.1,62,3.6,66,Bengaluru,23.1,0.0,0.0,0.0,20,3
2026-03-17 21:00:00,0.0,22.7,36,2.5,69,Bengaluru,22.7,0.0,0.0,0.0,21,3
2026-03-17 22:00:00,0.0,22.1,68,5.4,70,Bengaluru,22.1,0.0,0.0,0.0,22,3
2026-03-17 23:00:00,0.0,21.8,0,1.5,72,Bengaluru,21.8,0.0,0.0,0.0,23,3
2026-03-18 00:00:00,0.0,21.5,30,1.4,73,Bengaluru,21.5,0.0,0.0,0.0,0,3
2026-03-18 01:00:00,0.0,21.0,14,2.6,75,Bengaluru,21.0,0.0,0.0,0.0,1,3
2026-03-18 02:00:00,0.0,20.1,6,3.6,82,Bengaluru,20.1,0.0,0.0,0.0,2,3
2026-03-18 03:00:00,0.0,19.6,3,3.3,87,Bengaluru,19.6,0.0,0.0,0.0,3,3
2026-03-18 04:00:00,0.0,19.3,16,3.3,91,Bengaluru,19.3,0.0,0.0,0.0,4,3
2026-03-18 05:00:00,0.0,19.0,49,3.3,92,Bengaluru,19.0,0.0,0.0,0.0,5,3
2026-03-18 06:00:00,0.0,18.8,48,4.0,93,Bengaluru,18.8,0.0,0.0,0.0,6,3
2026-03-18 07:00:00,74.0,19.8,70,4.8,89,Bengaluru,22.1125,23.953504000000002,22.995363840000003,0.02299536384,7,3
2026-03-18 08:00:00,253.0,21.6,67,8.5,79,Bengaluru,29.50625,79.50069600000002,76.32066816000001,0.07632066816000001,8,3
2026-03-18 09:00:00,492.0,23.8,45,9.7,68,Bengaluru,39.175,148.51315200000002,142.57262592,0.14257262592,9,3
2026-03-18 10:00:00,740.0,25.8,48,9.3,57,Bengaluru,48.925,214.13824000000002,205.5727104,0.2055727104,10,3
2026-03-18 11:00:00,891.0,27.4,45,5.8,49,Bengaluru,55.24375,250.62760800000004,240.60250368000004,0.24060250368000005,11,3
2026-03-18 12:00:00,950.0,28.8,91,5.4,44,Bengaluru,58.4875,263.27920000000006,252.74803200000005,0.25274803200000007,12,3
2026-03-18 13:00:00,893.0,29.6,62,5.9,41,Bengaluru,57.50625,248.604056,238.65989376000002,0.23865989376000002,13,3
2026-03-18 14:00:00,832.0,30.2,60,6.9,37,Bengaluru,56.2,233.01324800000006,223.69271808000005,0.22369271808000005,14,3
2026-03-18 15:00:00,638.0,30.2,65,6.2,35,Bengaluru,50.1375,183.63171200000005,176.28644352000003,0.17628644352000003,15,3
2026-03-18 16:00:00,438.0,29.9,67,5.7,34,Bengaluru,43.5875,129.73910400000003,124.54953984000002,0.12454953984000003,16,3
2026-03-18 17:00:00,217.0,29.6,99,4.1,33,Bengaluru,36.38125,66.278744,63.62759424,0.06362759424,17,3
2026-03-18 18:00:00,39.0,28.2,77,1.8,38,Bengaluru,29.41875,12.259416000000002,11.76903936,0.01176903936,18,3
2026-03-18 19:00:00,0.0,25.5,56,8.9,50,Bengaluru,25.5,0.0,0.0,0.0,19,3
2026-03-18 20:00:00,0.0,23.7,56,4.0,60,Bengaluru,23.7,0.0,0.0,0.0,20,3
2026-03-18 21:00:00,0.0,21.9,82,8.5,70,Bengaluru,21.9,0.0,0.0,0.0,21,3
2026-03-18 22:00:00,0.0,21.0,72,2.6,75,Bengaluru,21.0,0.0,0.0,0.0,22,3
2026-03-18 23:00:00,0.0,19.7,71,1.8,85,Bengaluru,19.7,0.0,0.0,0.0,23,3
2026-03-19 00:00:00,0.0,19.4,65,1.9,86,Bengaluru,19.4,0.0,0.0,0.0,0,3
2026-03-19 01:00:00,0.0,19.3,82,5.4,86,Bengaluru,19.3,0.0,0.0,0.0,1,3
2026-03-19 02:00:00,0.0,19.1,52,6.4,83,Bengaluru,19.1,0.0,0.0,0.0,2,3
2026-03-19 03:00:00,0.0,18.5,52,5.8,84,Bengaluru,18.5,0.0,0.0,0.0,3,3
2026-03-19 04:00:00,0.0,18.1,34,3.1,87,Bengaluru,18.1,0.0,0.0,0.0,4,3
2026-03-19 05:00:00,0.0,17.3,9,1.8,90,Bengaluru,17.3,0.0,0.0,0.0,5,3
2026-03-19 06:00:00,0.0,17.0,0,1.5,91,Bengaluru,17.0,0.0,0.0,0.0,6,3
2026-03-19 07:00:00,94.0,17.8,0,1.8,90,Bengaluru,20.7375,30.592864000000006,29.369149440000005,0.029369149440000006,7,3
2026-03-19 08:00:00,335.0,20.3,0,5.1,79,Bengaluru,30.76875,104.72636000000003,100.53730560000002,0.10053730560000003,8,3
2026-03-19 09:00:00,586.0,22.9,14,7.7,68,Bengaluru,41.2125,175.35932800000003,168.34495488000002,0.16834495488,9,3
2026-03-19 10:00:00,796.0,25.2,0,8.5,61,Bengaluru,50.075,229.17158400000002,220.00472064000002,0.22000472064,10,3
2026-03-19 11:00:00,945.0,27.6,9,7.7,50,Bengaluru,57.13125,263.53404,252.9926784,0.2529926784,11,3
2026-03-19 12:00:00,970.0,29.0,47,8.0,44,Bengaluru,59.3125,267.79760000000005,257.08569600000004,0.25708569600000003,12,3
2026-03-19 13:00:00,823.0,29.8,73,7.1,38,Bengaluru,55.51875,231.2103280000001,221.96191488000008,0.22196191488000008,13,3
2026-03-19 14:00:00,806.0,30.4,66,7.7,35,Bengaluru,55.5875,226.36348800000007,217.30894848000005,0.21730894848000004,14,3
2026-03-19 15:00:00,565.0,30.1,62,9.3,35,Bengaluru,47.75625,164.34268000000003,157.76897280000003,0.15776897280000002,15,3
2026-03-19 16:00:00,379.0,29.4,69,8.9,36,Bengaluru,41.24375,113.39983200000003,108.86383872000003,0.10886383872000004,16,3
2026-03-19 17:00:00,239.0,29.0,79,4.8,36,Bengaluru,36.46875,72.97148000000001,70.05262080000001,0.07005262080000002,17,3
2026-03-19 18:00:00,51.0,27.9,66,2.2,43,Bengaluru,29.49375,16.026648000000005,15.385582080000004,0.015385582080000005,18,3
2026-03-19 19:00:00,0.0,26.8,74,1.8,49,Bengaluru,26.8,0.0,0.0,0.0,19,3
2026-03-19 20:00:00,0.0,25.2,100,4.4,53,Bengaluru,25.2,0.0,0.0,0.0,20,3
2026-03-19 21:00:00,0.0,23.8,58,7.6,57,Bengaluru,23.8,0.0,0.0,0.0,21,3
2026-03-19 22:00:00,0.0,23.0,28,8.3,59,Bengaluru,23.0,0.0,0.0,0.0,22,3
2026-03-19 23:00:00,0.0,23.1,51,5.1,61,Bengaluru,23.1,0.0,0.0,0.0,23,3
2026-03-20 00:00:00,0.0,22.0,68,3.6,68,Bengaluru,22.0,0.0,0.0,0.0,0,3
2026-03-20 01:00:00,0.0,21.1,90,4.6,76,Bengaluru,21.1,0.0,0.0,0.0,1,3
2026-03-20 02:00:00,0.0,20.6,62,5.0,84,Bengaluru,20.6,0.0,0.0,0.0,2,3
2026-03-20 03:00:00,0.0,20.3,54,4.7,86,Bengaluru,20.3,0.0,0.0,0.0,3,3
2026-03-20 04:00:00,0.0,19.9,33,3.6,88,Bengaluru,19.9,0.0,0.0,0.0,4,3
2026-03-20 05:00:00,0.0,19.3,5,4.1,88,Bengaluru,19.3,0.0,0.0,0.0,5,3
2026-03-20 06:00:00,0.0,18.9,13,3.4,88,Bengaluru,18.9,0.0,0.0,0.0,6,3
2026-03-20 07:00:00,94.0,19.6,25,3.2,85,Bengaluru,22.5375,30.376288000000002,29.16123648,0.029161236479999998,7,3
2026-03-20 08:00:00,334.0,21.7,28,4.5,76,Bengaluru,32.1375,103.82857600000003,99.67543296000002,0.09967543296000002,8,3
2026-03-20 09:00:00,579.0,23.9,42,5.9,70,Bengaluru,41.99375,172.685592,165.77816832000002,0.16577816832000003,9,3
2026-03-20 10:00:00,784.0,26.1,50,5.8,61,Bengaluru,50.6,225.18988800000002,216.18229248000003,0.21618229248000004,10,3
2026-03-20 11:00:00,816.0,28.0,62,3.7,49,Bengaluru,53.5,231.35232000000005,222.09822720000003,0.22209822720000003,11,3
2026-03-20 12:00:00,830.0,29.2,63,1.1,41,Bengaluru,55.1375,233.58192000000005,224.23864320000004,0.22423864320000003,12,3
2026-03-20 13:00:00,864.0,30.1,72,2.5,37,Bengaluru,57.1,240.97996800000004,231.34076928000002,0.23134076928000002,13,3
2026-03-20 14:00:00,734.0,30.5,62,3.0,35,Bengaluru,53.4375,208.16240000000005,199.83590400000003,0.19983590400000004,14,3
2026-03-20 15:00:00,626.0,30.6,51,3.9,34,Bengaluru,50.1625,180.15779200000003,172.95148032000003,0.17295148032000002,15,3
2026-03-20 16:00:00,447.0,30.4,56,5.1,34,Bengaluru,44.36875,131.95797600000003,126.67965696000003,0.12667965696000003,16,3
2026-03-20 17:00:00,228.0,29.8,59,5.6,35,Bengaluru,36.925,69.479808,66.70061568,0.06670061567999999,17,3
2026-03-20 18:00:00,55.0,28.5,55,3.1,41,Bengaluru,30.21875,17.232600000000005,16.543296000000005,0.016543296000000006,18,3
2026-03-20 19:00:00,0.0,27.3,71,1.3,50,Bengaluru,27.3,0.0,0.0,0.0,19,3
2026-03-20 20:00:00,0.0,25.7,67,6.3,55,Bengaluru,25.7,0.0,0.0,0.0,20,3
2026-03-20 21:00:00,0.0,24.7,66,7.6,64,Bengaluru,24.7,0.0,0.0,0.0,21,3
2026-03-20 22:00:00,0.0,24.1,68,6.0,66,Bengaluru,24.1,0.0,0.0,0.0,22,3
2026-03-20 23:00:00,0.0,23.9,49,5.5,66,Bengaluru,23.9,0.0,0.0,0.0,23,3
2026-03-21 00:00:00,0.0,23.2,67,4.9,72,Bengaluru,23.2,0.0,0.0,0.0,0,3
2026-03-21 01:00:00,0.0,22.9,75,4.3,75,Bengaluru,22.9,0.0,0.0,0.0,1,3
2026-03-21 02:00:00,0.0,22.5,79,4.6,78,Bengaluru,22.5,0.0,0.0,0.0,2,3
2026-03-21 03:00:00,0.0,22.2,75,4.5,80,Bengaluru,22.2,0.0,0.0,0.0,3,3
2026-03-21 04:00:00,0.0,21.9,71,4.5,82,Bengaluru,21.9,0.0,0.0,0.0,4,3
2026-03-21 05:00:00,0.0,21.2,36,2.9,83,Bengaluru,21.2,0.0,0.0,0.0,5,3
2026-03-21 06:00:00,0.0,20.8,32,2.8,85,Bengaluru,20.8,0.0,0.0,0.0,6,3
2026-03-21 07:00:00,90.0,21.5,58,3.3,82,Bengaluru,24.3125,28.879200000000004,27.724032000000005,0.027724032000000006,7,3
2026-03-21 08:00:00,298.0,23.4,55,7.2,71,Bengaluru,32.7125,92.41814400000001,88.72141824,0.08872141824,8,3
2026-03-21 09:00:00,546.0,25.3,36,7.7,66,Bengaluru,42.3625,162.585696,156.08226816,0.15608226816,9,3
2026-03-21 10:00:00,780.0,27.2,40,7.4,58,Bengaluru,51.575,223.06752000000003,214.14481920000003,0.21414481920000003,10,3
2026-03-21 11:00:00,806.0,28.8,60,3.3,48,Bengaluru,53.9875,228.01417600000008,218.89360896000008,0.21889360896000007,11,3
2026-03-21 12:00:00,849.0,30.0,66,2.6,41,Bengaluru,56.53125,237.41436000000004,227.91778560000003,0.22791778560000003,12,3
2026-03-21 13:00:00,823.0,30.8,76,2.3,36,Bengaluru,56.51875,230.15688800000007,220.95061248000005,0.22095061248000006,13,3
2026-03-21 14:00:00,752.0,31.3,73,2.0,33,Bengaluru,54.8,211.95571200000003,203.47748352000002,0.20347748352000003,14,3
2026-03-21 15:00:00,577.0,31.4,70,2.1,32,Bengaluru,49.43125,166.59605600000006,159.93221376000005,0.15993221376000005,15,3
2026-03-21 16:00:00,423.0,31.2,43,4.2,33,Bengaluru,44.41875,124.84591200000001,119.85207552000001,0.11985207552000002,16,3
2026-03-21 17:00:00,202.0,30.3,66,3.4,36,Bengaluru,36.6125,61.63747200000002,59.17197312000001,0.05917197312000001,17,3
2026-03-21 18:00:00,46.0,29.2,63,2.5,43,Bengaluru,30.6375,14.388064000000004,13.812541440000002,0.013812541440000003,18,3
2026-03-21 19:00:00,0.0,27.6,86,2.6,52,Bengaluru,27.6,0.0,0.0,0.0,19,3
2026-03-21 20:00:00,0.0,26.6,99,3.9,56,Bengaluru,26.6,0.0,0.0,0.0,20,3
2026-03-21 21:00:00,0.0,26.0,92,6.8,55,Bengaluru,26.0,0.0,0.0,0.0,21,3
2026-03-21 22:00:00,0.0,25.2,77,9.0,60,Bengaluru,25.2,0.0,0.0,0.0,22,3
2026-03-21 23:00:00,0.0,24.9,74,8.6,65,Bengaluru,24.9,0.0,0.0,0.0,23,3
2026-03-22 00:00:00,0.0,24.3,69,11.4,70,Bengaluru,24.3,0.0,0.0,0.0,0,3
2026-03-22 01:00:00,0.0,23.6,56,10.3,76,Bengaluru,23.6,0.0,0.0,0.0,1,3
2026-03-22 02:00:00,0.0,23.0,58,8.5,82,Bengaluru,23.0,0.0,0.0,0.0,2,3
2026-03-22 03:00:00,0.0,22.4,69,9.2,88,Bengaluru,22.4,0.0,0.0,0.0,3,3
2026-03-22 04:00:00,0.0,22.1,70,7.9,89,Bengaluru,22.1,0.0,0.0,0.0,4,3
2026-03-22 05:00:00,0.0,22.1,55,4.3,86,Bengaluru,22.1,0.0,0.0,0.0,5,3
2026-03-22 06:00:00,0.0,21.6,56,3.2,86,Bengaluru,21.6,0.0,0.0,0.0,6,3
2026-03-22 07:00:00,90.0,22.1,46,3.5,82,Bengaluru,24.9125,28.810080000000006,27.657676800000004,0.027657676800000003,7,3
2026-03-22 08:00:00,314.0,23.7,47,6.3,71,Bengaluru,33.5125,97.05865600000001,93.17630976000001,0.09317630976,8,3
2026-03-22 09:00:00,549.0,25.7,54,8.5,63,Bengaluru,42.85625,163.13205600000003,156.60677376000004,0.15660677376000004,9,3
2026-03-22 10:00:00,721.0,27.5,63,9.6,56,Bengaluru,50.03125,207.61916000000005,199.31439360000005,0.19931439360000006,10,3
2026-03-22 11:00:00,760.0,28.9,65,6.7,49,Bengaluru,52.65,216.30208000000005,207.64999680000003,0.20764999680000001,11,3
2026-03-22 12:00:00,842.0,30.0,76,6.3,44,Bengaluru,56.3125,235.69264000000007,226.26493440000004,0.22626493440000003,12,3
2026-03-22 13:00:00,753.0,30.6,80,5.6,40,Bengaluru,54.13125,212.88213600000003,204.36685056000002,0.20436685056,13,3
2026-03-22 14:00:00,670.0,31.0,76,5.5,38,Bengaluru,51.9375,191.29840000000002,183.646464,0.183646464,14,3
2026-03-22 15:00:00,561.0,30.9,86,5.8,37,Bengaluru,48.43125,162.69448800000004,156.18670848000002,0.15618670848000002,15,3
2026-03-22 16:00:00,330.0,29.0,85,8.8,45,Bengaluru,39.3125,99.55440000000002,95.572224,0.09557222400000001,16,3
2026-03-22 17:00:00,182.0,30.2,61,5.1,38,Bengaluru,35.8875,55.70364800000001,53.475502080000005,0.05347550208000001,17,3
2026-03-22 18:00:00,44.0,28.7,76,5.3,45,Bengaluru,30.075,13.794176000000002,13.24240896,0.01324240896,18,3
2026-03-22 19:00:00,0.0,27.3,62,3.6,53,Bengaluru,27.3,0.0,0.0,0.0,19,3
2026-03-22 20:00:00,0.0,26.8,100,1.1,58,Bengaluru,26.8,0.0,0.0,0.0,20,3
2026-03-22 21:00:00,0.0,26.1,91,4.7,58,Bengaluru,26.1,0.0,0.0,0.0,21,3
2026-03-22 22:00:00,0.0,25.5,88,5.8,58,Bengaluru,25.5,0.0,0.0,0.0,22,3
2026-03-22 23:00:00,0.0,24.9,79,6.0,58,Bengaluru,24.9,0.0,0.0,0.0,23,3
2026-03-23 00:00:00,0.0,23.8,82,8.9,73,Bengaluru,23.8,0.0,0.0,0.0,0,3
2026-03-23 01:00:00,0.0,23.4,81,6.9,76,Bengaluru,23.4,0.0,0.0,0.0,1,3
2026-03-23 02:00:00,0.0,22.9,89,6.6,79,Bengaluru,22.9,0.0,0.0,0.0,2,3
2026-03-23 03:00:00,0.0,22.4,64,7.8,82,Bengaluru,22.4,0.0,0.0,0.0,3,3
2026-03-23 04:00:00,0.0,21.9,87,5.0,83,Bengaluru,21.9,0.0,0.0,0.0,4,3
2026-03-23 05:00:00,0.0,22.3,91,3.4,81,Bengaluru,22.3,0.0,0.0,0.0,5,3
2026-03-23 06:00:00,0.0,22.0,86,3.6,83,Bengaluru,22.0,0.0,0.0,0.0,6,3
2026-03-23 07:00:00,65.0,22.4,83,4.4,82,Bengaluru,24.43125,20.847320000000003,20.013427200000002,0.020013427200000003,7,3
2026-03-23 08:00:00,267.0,23.6,69,7.0,75,Bengaluru,31.94375,83.06690400000001,79.74422784000001,0.07974422784,8,3
2026-03-23 09:00:00,519.0,25.3,51,7.2,68,Bengaluru,41.51875,155.10626400000004,148.90201344000002,0.14890201344,9,3
2026-03-23 10:00:00,741.0,27.3,61,8.0,58,Bengaluru,50.45625,212.97525600000003,204.45624576000003,0.20445624576000004,10,3
2026-03-23 11:00:00,823.0,29.5,66,8.1,43,Bengaluru,55.21875,231.52636000000007,222.26530560000006,0.22226530560000007,11,3
2026-03-23 12:00:00,886.0,30.9,69,8.9,37,Bengaluru,58.5875,245.42908800000004,235.61192448000003,0.23561192448000004,12,3
2026-03-23 13:00:00,942.0,31.9,45,9.7,33,Bengaluru,61.3375,257.62569600000006,247.32066816000005,0.24732066816000006,13,3
2026-03-23 14:00:00,870.0,32.4,39,9.2,31,Bengaluru,59.5875,239.88336000000004,230.28802560000003,0.23028802560000003,14,3
2026-03-23 15:00:00,720.0,32.4,51,9.4,30,Bengaluru,54.9,202.84416000000002,194.7303936,0.19473039360000002,15,3
2026-03-23 16:00:00,486.0,31.9,62,10.3,30,Bengaluru,47.0875,141.77980800000003,136.10861568,0.13610861568000002,16,3
2026-03-23 17:00:00,260.0,30.6,71,9.5,33,Bengaluru,38.725,78.63232000000002,75.48702720000001,0.07548702720000001,17,3
2026-03-23 18:00:00,57.0,29.3,63,8.5,37,Bengaluru,31.08125,17.796312,17.08445952,0.017084459519999998,18,3
2026-03-23 19:00:00,0.0,27.7,44,7.5,43,Bengaluru,27.7,0.0,0.0,0.0,19,3
2026-03-23 20:00:00,0.0,26.5,36,7.8,48,Bengaluru,26.5,0.0,0.0,0.0,20,3
2026-03-23 21:00:00,0.0,25.4,13,8.9,52,Bengaluru,25.4,0.0,0.0,0.0,21,3
2026-03-23 22:00:00,0.0,24.5,20,8.9,56,Bengaluru,24.5,0.0,0.0,0.0,22,3
2026-03-23 23:00:00,0.0,23.7,36,6.8,59,Bengaluru,23.7,0.0,0.0,0.0,23,3
2026-03-24 00:00:00,0.0,23.1,25,6.2,65,Bengaluru,23.1,0.0,0.0,0.0,0,3
2026-03-24 01:00:00,0.0,22.5,36,6.0,70,Bengaluru,22.5,0.0,0.0,0.0,1,3
2026-03-24 02:00:00,0.0,22.0,68,4.6,76,Bengaluru,22.0,0.0,0.0,0.0,2,3
2026-03-24 03:00:00,0.0,21.8,62,3.6,80,Bengaluru,21.8,0.0,0.0,0.0,3,3
2026-03-24 04:00:00,0.0,21.6,59,3.1,83,Bengaluru,21.6,0.0,0.0,0.0,4,3
2026-03-24 05:00:00,0.0,21.5,16,2.7,81,Bengaluru,21.5,0.0,0.0,0.0,5,3
2026-03-24 06:00:00,1.0,21.1,13,2.5,84,Bengaluru,21.13125,0.324952,0.31195392,0.00031195391999999997,6,3
2026-03-24 07:00:00,104.0,21.8,7,2.2,82,Bengaluru,25.05,33.27334400000001,31.942410240000008,0.03194241024000001,7,3
2026-03-24 08:00:00,348.0,24.3,0,4.8,68,Bengaluru,35.175,106.82764800000002,102.55454208000002,0.10255454208000002,8,3
2026-03-24 09:00:00,597.0,26.5,0,8.0,56,Bengaluru,45.15625,175.63740000000004,168.61190400000004,0.16861190400000003,9,3
2026-03-24 10:00:00,803.0,28.2,18,8.0,50,Bengaluru,53.29375,227.878552,218.76340992000002,0.21876340992,10,3
2026-03-24 11:00:00,844.0,29.5,43,5.9,43,Bengaluru,55.875,236.72512000000006,227.25611520000004,0.22725611520000005,11,3
2026-03-24 12:00:00,795.0,30.8,79,4.8,37,Bengaluru,55.64375,223.21692000000004,214.28824320000004,0.21428824320000003,12,3
2026-03-24 13:00:00,803.0,31.7,67,5.6,34,Bengaluru,56.79375,224.28111200000004,215.30986752000004,0.21530986752000003,13,3
2026-03-24 14:00:00,708.0,32.1,57,6.2,32,Bengaluru,54.225,200.07513600000001,192.07213056,0.19207213056,14,3
2026-03-24 15:00:00,584.0,32.1,61,7.2,31,Bengaluru,50.35,167.93036800000002,161.21315328,0.16121315328,15,3
2026-03-24 16:00:00,439.0,31.9,52,7.7,31,Bengaluru,45.61875,128.89391200000003,123.73815552000002,0.12373815552000002,16,3
2026-03-24 17:00:00,238.0,31.2,93,7.9,32,Bengaluru,38.6375,72.00547200000001,69.12525312000001,0.06912525312000001,17,3
2026-03-24 18:00:00,52.0,29.9,96,7.2,36,Bengaluru,31.525,16.205696000000003,15.557468160000003,0.015557468160000002,18,3
2026-03-24 19:00:00,0.0,28.4,100,5.9,42,Bengaluru,28.4,0.0,0.0,0.0,19,3
2026-03-24 20:00:00,0.0,27.4,100,6.6,45,Bengaluru,27.4,0.0,0.0,0.0,20,3
2026-03-24 21:00:00,0.0,26.5,94,10.6,50,Bengaluru,26.5,0.0,0.0,0.0,21,3
2026-03-24 22:00:00,0.0,25.4,95,5.5,59,Bengaluru,25.4,0.0,0.0,0.0,22,3
2026-03-24 23:00:00,0.0,24.9,74,0.4,65,Bengaluru,24.9,0.0,0.0,0.0,23,3
2026-03-25 00:00:00,0.0,24.3,83,4.0,65,Bengaluru,24.3,0.0,0.0,0.0,0,3
2026-03-25 01:00:00,0.0,23.7,70,4.0,70,Bengaluru,23.7,0.0,0.0,0.0,1,3
2026-03-25 02:00:00,0.0,23.1,77,4.8,75,Bengaluru,23.1,0.0,0.0,0.0,2,3
2026-03-25 03:00:00,0.0,22.8,83,5.5,78,Bengaluru,22.8,0.0,0.0,0.0,3,3
2026-03-25 04:00:00,0.0,22.4,69,5.2,81,Bengaluru,22.4,0.0,0.0,0.0,4,3
2026-03-25 05:00:00,0.0,21.9,0,4.6,84,Bengaluru,21.9,0.0,0.0,0.0,5,3
2026-03-25 06:00:00,1.0,21.5,0,2.4,86,Bengaluru,21.53125,0.32444000000000006,0.31146240000000003,0.0003114624,6,3
2026-03-25 07:00:00,106.0,22.2,0,2.5,84,Bengaluru,25.5125,33.85046400000001,32.49644544000001,0.03249644544000001,7,3
2026-03-25 08:00:00,348.0,24.4,0,5.5,70,Bengaluru,35.275,106.78310400000002,102.51177984000002,0.10251177984000001,8,3
2026-03-25 09:00:00,593.0,26.6,0,6.5,60,Bengaluru,45.13125,174.47957600000007,167.50039296000006,0.16750039296000005,9,3
2026-03-25 10:00:00,800.0,28.7,41,4.5,51,Bengaluru,53.7,226.61120000000005,217.54675200000005,0.21754675200000007,10,3
2026-03-25 11:00:00,943.0,30.7,56,5.4,41,Bengaluru,60.16875,259.30991200000005,248.93751552000003,0.24893751552000004,11,3
2026-03-25 12:00:00,896.0,31.9,65,8.0,36,Bengaluru,59.9,246.69388800000004,236.82613248000004,0.23682613248000003,12,3
2026-03-25 13:00:00,841.0,32.7,64,9.6,32,Bengaluru,58.98125,232.53986400000002,223.23826944,0.22323826944,13,3
2026-03-25 14:00:00,724.0,33.1,70,10.7,30,Bengaluru,55.725,203.20652800000002,195.07826688,0.19507826688,14,3
2026-03-25 15:00:00,605.0,33.2,70,11.7,29,Bengaluru,52.10625,172.60892000000004,165.70456320000002,0.16570456320000002,15,3
2026-03-25 16:00:00,467.0,32.8,59,12.5,29,Bengaluru,47.39375,136.05391200000003,130.61175552000003,0.13061175552000004,16,3
2026-03-25 17:00:00,255.0,31.9,49,14.0,30,Bengaluru,39.86875,76.74684000000002,73.67696640000001,0.07367696640000002,17,3
2026-03-25 18:00:00,64.0,30.3,37,12.8,31,Bengaluru,32.3,19.881984000000003,19.08670464,0.01908670464,18,3
2026-03-25 19:00:00,0.0,28.7,100,10.0,35,Bengaluru,28.7,0.0,0.0,0.0,19,3
2026-03-25 20:00:00,0.0,27.5,78,11.2,38,Bengaluru,27.5,0.0,0.0,0.0,20,3
2026-03-25 21:00:00,0.0,26.2,57,11.7,43,Bengaluru,26.2,0.0,0.0,0.0,21,3
2026-03-25 22:00:00,0.0,25.0,12,9.4,50,Bengaluru,25.0,0.0,0.0,0.0,22,3
2026-03-25 23:00:00,0.0,24.1,26,7.5,57,Bengaluru,24.1,0.0,0.0,0.0,23,3
2026-03-26 00:00:00,0.0,23.3,79,7.9,65,Bengaluru,23.3,0.0,0.0,0.0,0,3
2026-03-26 01:00:00,0.0,22.6,14,6.9,72,Bengaluru,22.6,0.0,0.0,0.0,1,3
2026-03-26 02:00:00,0.0,21.8,0,5.0,77,Bengaluru,21.8,0.0,0.0,0.0,2,3
2026-03-26 03:00:00,0.0,21.2,1,4.3,82,Bengaluru,21.2,0.0,0.0,0.0,3,3
2026-03-26 04:00:00,0.0,20.6,10,3.2,86,Bengaluru,20.6,0.0,0.0,0.0,4,3
2026-03-26 05:00:00,0.0,20.0,6,3.3,89,Bengaluru,20.0,0.0,0.0,0.0,5,3
2026-03-26 06:00:00,1.0,19.6,0,3.3,91,Bengaluru,19.63125,0.32687200000000005,0.31379712000000004,0.00031379712000000005,6,3
2026-03-26 07:00:00,110.0,20.6,0,3.1,88,Bengaluru,24.0375,35.33552000000001,33.922099200000005,0.03392209920000001,7,3
2026-03-26 08:00:00,359.0,23.2,0,5.4,70,Bengaluru,34.41875,110.55189600000003,106.12982016000002,0.10612982016000003,8,3
2026-03-26 09:00:00,610.0,26.4,0,8.0,48,Bengaluru,45.4625,179.22288000000003,172.05396480000002,0.17205396480000001,9,3
2026-03-26 10:00:00,821.0,29.2,0,9.8,34,Bengaluru,54.85625,231.34466400000002,222.09087744,0.22209087744,10,3
2026-03-26 11:00:00,969.0,31.3,0,11.5,28,Bengaluru,61.58125,264.70754400000004,254.11924224000003,0.25411924224000004,11,3
2026-03-26 12:00:00,1043.0,32.7,0,12.6,24,Bengaluru,65.29375,279.966232,268.76758272,0.26876758272,12,3
2026-03-26 13:00:00,1035.0,33.6,0,13.0,22,Bengaluru,65.94375,276.95772000000005,265.87941120000005,0.2658794112,13,3
2026-03-26 14:00:00,947.0,34.0,0,13.5,21,Bengaluru,63.59375,256.25820000000004,246.00787200000002,0.24600787200000002,14,3
2026-03-26 15:00:00,787.0,33.9,2,14.1,21,Bengaluru,58.49375,218.09973600000006,209.37574656000007,0.20937574656000008,15,3
2026-03-26 16:00:00,569.0,33.1,2,14.4,23,Bengaluru,50.88125,163.23016800000005,156.70096128000003,0.15670096128000002,16,3
2026-03-26 17:00:00,314.0,31.9,2,13.3,25,Bengaluru,41.7125,93.76291200000001,90.01239552000001,0.09001239552000001,17,3
2026-03-26 18:00:00,74.0,30.2,9,10.9,30,Bengaluru,32.5125,22.968416,22.04967936,0.022049679359999998,18,3
2026-03-26 19:00:00,0.0,28.4,0,9.2,35,Bengaluru,28.4,0.0,0.0,0.0,19,3
2026-03-26 20:00:00,0.0,27.1,0,10.5,38,Bengaluru,27.1,0.0,0.0,0.0,20,3
2026-03-26 21:00:00,0.0,25.9,0,10.6,45,Bengaluru,25.9,0.0,0.0,0.0,21,3
2026-03-26 22:00:00,0.0,24.9,0,8.9,53,Bengaluru,24.9,0.0,0.0,0.0,22,3
2026-03-26 23:00:00,0.0,24.1,0,6.9,58,Bengaluru,24.1,0.0,0.0,0.0,23,3
2026-03-27 00:00:00,0.0,23.3,0,7.0,63,Bengaluru,23.3,0.0,0.0,0.0,0,3
2026-03-27 01:00:00,0.0,22.8,0,4.7,68,Bengaluru,22.8,0.0,0.0,0.0,1,3
2026-03-27 02:00:00,0.0,22.0,0,4.7,72,Bengaluru,22.0,0.0,0.0,0.0,2,3
2026-03-27 03:00:00,0.0,21.5,0,4.7,76,Bengaluru,21.5,0.0,0.0,0.0,3,3
2026-03-27 04:00:00,0.0,20.9,0,4.4,80,Bengaluru,20.9,0.0,0.0,0.0,4,3
2026-03-27 05:00:00,0.0,20.4,0,3.6,83,Bengaluru,20.4,0.0,0.0,0.0,5,3
2026-03-27 06:00:00,1.0,20.1,0,3.1,84,Bengaluru,20.13125,0.326232,0.31318272,0.00031318272,6,3
2026-03-27 07:00:00,113.0,20.9,0,2.8,82,Bengaluru,24.43125,36.242264000000006,34.792573440000005,0.03479257344,7,3
2026-03-27 08:00:00,360.0,24.0,0,4.0,64,Bengaluru,35.25,110.47680000000001,106.05772800000001,0.10605772800000002,8,3
2026-03-27 09:00:00,612.0,27.6,0,6.2,44,Bengaluru,46.725,178.82150400000003,171.66864384000002,0.17166864384000002,9,3
2026-03-27 10:00:00,824.0,30.4,0,9.4,32,Bengaluru,56.15,230.82547200000005,221.59245312000004,0.22159245312000003,10,3
2026-03-27 11:00:00,973.0,32.5,0,11.2,27,Bengaluru,62.90625,264.15004000000005,253.58403840000003,0.25358403840000004,11,3
2026-03-27 12:00:00,1055.0,34.0,2,11.9,22,Bengaluru,66.96875,280.9254000000001,269.68838400000004,0.26968838400000006,12,3
2026-03-27 13:00:00,1048.0,34.9,4,12.4,20,Bengaluru,67.65,278.14758400000005,267.02168064000006,0.26702168064000004,13,3
2026-03-27 14:00:00,960.0,35.3,6,12.5,19,Bengaluru,65.3,257.67936000000003,247.37218560000002,0.24737218560000002,14,3
2026-03-27 15:00:00,803.0,35.1,18,12.3,19,Bengaluru,60.19375,220.78645600000004,211.95499776000003,0.21195499776,15,3
2026-03-27 16:00:00,592.0,34.3,31,11.9,20,Bengaluru,52.8,168.37427200000002,161.63930112,0.16163930112,16,3
2026-03-27 17:00:00,345.0,33.2,43,11.4,22,Bengaluru,43.98125,102.01788000000002,97.93716480000002,0.09793716480000002,17,3
2026-03-27 18:00:00,98.0,31.8,41,11.0,25,Bengaluru,34.8625,30.12284800000001,28.917934080000006,0.028917934080000006,18,3
2026-03-27 19:00:00,0.0,30.0,38,10.6,28,Bengaluru,30.0,0.0,0.0,0.0,19,3
2026-03-27 20:00:00,0.0,28.4,36,10.4,33,Bengaluru,28.4,0.0,0.0,0.0,20,3
2026-03-27 21:00:00,0.0,27.0,33,9.4,41,Bengaluru,27.0,0.0,0.0,0.0,21,3
2026-03-27 22:00:00,0.0,25.8,31,8.2,49,Bengaluru,25.8,0.0,0.0,0.0,22,3
2026-03-27 23:00:00,0.0,24.8,28,6.8,57,Bengaluru,24.8,0.0,0.0,0.0,23,3
2026-03-28 00:00:00,0.0,23.9,23,4.9,61,Bengaluru,23.9,0.0,0.0,0.0,0,3
2026-03-28 01:00:00,0.0,23.2,19,3.5,64,Bengaluru,23.2,0.0,0.0,0.0,1,3
2026-03-28 02:00:00,0.0,22.5,14,3.3,68,Bengaluru,22.5,0.0,0.0,0.0,2,3
2026-03-28 03:00:00,0.0,21.9,21,3.7,75,Bengaluru,21.9,0.0,0.0,0.0,3,3
2026-03-28 04:00:00,0.0,21.3,28,3.6,82,Bengaluru,21.3,0.0,0.0,0.0,4,3
2026-03-28 05:00:00,0.0,21.2,35,3.8,87,Bengaluru,21.2,0.0,0.0,0.0,5,3
2026-03-28 06:00:00,2.0,21.6,39,4.7,88,Bengaluru,21.6625,0.6485440000000001,0.6226022400000001,0.0006226022400000001,6,3
2026-03-28 07:00:00,123.0,22.5,42,5.9,87,Bengaluru,26.34375,39.14844000000001,37.5825024,0.0375825024,7,3
2026-03-28 08:00:00,315.0,23.8,46,7.2,82,Bengaluru,33.64375,97.31484000000002,93.42224640000002,0.09342224640000002,8,3
2026-03-28 09:00:00,522.0,26.0,50,8.0,71,Bengaluru,42.3125,155.47248000000002,149.2535808,0.1492535808,9,3
2026-03-28 10:00:00,735.0,28.7,55,9.0,56,Bengaluru,51.66875,210.11004000000003,201.70563840000003,0.20170563840000003,10,3
2026-03-28 11:00:00,891.0,30.7,59,9.1,44,Bengaluru,58.54375,246.86402400000003,236.98946304000003,0.23698946304000004,11,3
2026-03-28 12:00:00,942.0,31.8,59,8.5,38,Bengaluru,61.2375,257.74627200000003,247.43642112000003,0.24743642112000003,12,3
2026-03-28 13:00:00,896.0,32.3,60,7.2,36,Bengaluru,60.3,246.23513600000004,236.38573056000004,0.23638573056000003,13,3
2026-03-28 14:00:00,771.0,32.2,60,5.2,37,Bengaluru,56.29375,215.83682400000004,207.20335104000003,0.20720335104000004,14,3
2026-03-28 15:00:00,582.0,31.0,73,1.8,41,Bengaluru,49.1875,168.22128000000004,161.49242880000003,0.16149242880000003,15,3
2026-03-28 16:00:00,371.0,29.2,87,6.3,49,Bengaluru,40.79375,111.21986400000003,106.77106944000002,0.10677106944000002,16,3
2026-03-28 17:00:00,189.0,27.6,100,9.7,55,Bengaluru,33.50625,58.42216800000001,56.08528128000001,0.05608528128000001,17,3
2026-03-28 18:00:00,50.0,26.6,100,8.0,60,Bengaluru,28.1625,15.797600000000003,15.165696000000002,0.015165696000000003,18,3
2026-03-28 19:00:00,0.0,25.9,100,4.1,63,Bengaluru,25.9,0.0,0.0,0.0,19,3
2026-03-28 20:00:00,0.0,25.2,100,4.4,67,Bengaluru,25.2,0.0,0.0,0.0,20,3
2026-03-28 21:00:00,0.0,24.4,99,4.7,71,Bengaluru,24.4,0.0,0.0,0.0,21,3
2026-03-28 22:00:00,0.0,23.7,98,4.2,74,Bengaluru,23.7,0.0,0.0,0.0,22,3
2026-03-28 23:00:00,0.0,23.2,97,3.6,77,Bengaluru,23.2,0.0,0.0,0.0,23,3
2026-03-29 00:00:00,0.0,22.8,79,2.5,79,Bengaluru,22.8,0.0,0.0,0.0,0,3
2026-03-29 01:00:00,0.0,22.6,60,1.6,80,Bengaluru,22.6,0.0,0.0,0.0,1,3
2026-03-29 02:00:00,0.0,22.4,42,1.1,81,Bengaluru,22.4,0.0,0.0,0.0,2,3
2026-03-29 03:00:00,0.0,22.0,32,1.3,83,Bengaluru,22.0,0.0,0.0,0.0,3,3
2026-03-29 04:00:00,0.0,21.5,22,2.3,84,Bengaluru,21.5,0.0,0.0,0.0,4,3
2026-03-29 05:00:00,0.0,21.4,12,3.4,84,Bengaluru,21.4,0.0,0.0,0.0,5,3
2026-03-29 06:00:00,3.0,22.0,22,4.3,82,Bengaluru,22.09375,0.9711600000000001,0.9323136000000001,0.0009323136,6,3
2026-03-29 07:00:00,131.0,23.1,32,5.6,79,Bengaluru,27.19375,41.55215200000001,39.890065920000005,0.03989006592,7,3
2026-03-29 08:00:00,330.0,24.6,42,6.6,74,Bengaluru,34.9125,101.41296000000003,97.35644160000003,0.09735644160000002,8,3
2026-03-29 09:00:00,543.0,26.9,42,8.3,64,Bengaluru,43.86875,160.64546400000006,154.21964544000005,0.15421964544000005,9,3
2026-03-29 10:00:00,758.0,29.6,41,9.7,52,Bengaluru,53.2875,215.11433600000007,206.50976256000004,0.20650976256000003,10,3
2026-03-29 11:00:00,912.0,31.7,41,10.1,43,Bengaluru,60.2,250.748928,240.71897088,0.24071897088,11,3
2026-03-29 12:00:00,950.0,32.7,55,8.1,38,Bengaluru,62.3875,258.5368,248.19532800000002,0.24819532800000002,12,3
2026-03-29 13:00:00,886.0,33.0,69,5.4,37,Bengaluru,60.6875,243.04752000000002,233.3256192,0.2333256192,13,3
2026-03-29 14:00:00,754.0,32.5,83,5.4,39,Bengaluru,56.0625,211.30096000000006,202.84892160000004,0.20284892160000004,14,3
2026-03-29 15:00:00,583.0,30.4,89,7.8,48,Bengaluru,48.61875,168.93474400000002,162.17735424000003,0.16217735424000002,15,3
2026-03-29 16:00:00,389.0,27.5,94,10.5,61,Bengaluru,39.65625,117.18236000000002,112.49506560000002,0.11249506560000001,16,3
2026-03-29 17:00:00,200.0,25.2,100,12.0,71,Bengaluru,31.45,62.34880000000001,59.85484800000001,0.05985484800000001,17,3
2026-03-29 18:00:00,45.0,24.4,100,10.6,74,Bengaluru,25.80625,14.353560000000002,13.7794176,0.0137794176,18,3
2026-03-29 19:00:00,0.0,24.2,100,7.9,74,Bengaluru,24.2,0.0,0.0,0.0,19,3
2026-03-29 20:00:00,0.0,24.1,100,5.7,75,Bengaluru,24.1,0.0,0.0,0.0,20,3
2026-03-29 21:00:00,0.0,23.8,100,3.2,77,Bengaluru,23.8,0.0,0.0,0.0,21,3
2026-03-29 22:00:00,0.0,23.5,100,0.7,80,Bengaluru,23.5,0.0,0.0,0.0,22,3
2026-03-29 23:00:00,0.0,23.3,100,2.2,82,Bengaluru,23.3,0.0,0.0,0.0,23,3
2026-03-30 00:00:00,0.0,23.1,96,3.3,83,Bengaluru,23.1,0.0,0.0,0.0,0,3
2026-03-30 01:00:00,0.0,22.9,92,3.4,84,Bengaluru,22.9,0.0,0.0,0.0,1,3
2026-03-30 02:00:00,0.0,22.8,88,3.2,84,Bengaluru,22.8,0.0,0.0,0.0,2,3
2026-03-30 03:00:00,0.0,22.6,87,2.1,84,Bengaluru,22.6,0.0,0.0,0.0,3,3
2026-03-30 04:00:00,0.0,22.6,86,0.5,85,Bengaluru,22.6,0.0,0.0,0.0,4,3
2026-03-30 05:00:00,0.0,22.7,85,0.7,84,Bengaluru,22.7,0.0,0.0,0.0,5,3
2026-03-30 06:00:00,2.0,23.0,77,0.7,83,Bengaluru,23.0625,0.6449600000000001,0.6191616000000001,0.0006191616000000001,6,3
2026-03-30 07:00:00,84.0,23.5,70,0.8,82,Bengaluru,26.125,26.759040000000006,25.688678400000004,0.025688678400000005,7,3
2026-03-30 08:00:00,217.0,24.4,62,1.5,78,Bengaluru,31.18125,67.72309600000001,65.01417216000002,0.06501417216000002,8,3
2026-03-30 09:00:00,399.0,26.1,58,3.2,70,Bengaluru,38.56875,120.75016800000003,115.92016128000003,0.11592016128000003,9,3
2026-03-30 10:00:00,628.0,28.2,54,5.6,60,Bengaluru,47.825,182.61235200000002,175.30785792,0.17530785792,10,3
2026-03-30 11:00:00,822.0,30.1,50,6.5,50,Bengaluru,55.7875,230.64662400000006,221.42075904000004,0.22142075904000003,11,3
2026-03-30 12:00:00,906.0,31.6,51,5.4,42,Bengaluru,59.9125,249.43267200000005,239.45536512000004,0.23945536512000004,12,3
2026-03-30 13:00:00,891.0,32.9,53,6.4,34,Bengaluru,60.74375,244.35496800000007,234.58076928000006,0.23458076928000005,13,3
2026-03-30 14:00:00,806.0,33.7,54,8.6,29,Bengaluru,58.8875,222.95894400000006,214.04058624000004,0.21404058624000005,14,3
2026-03-30 15:00:00,675.0,33.8,68,9.7,26,Bengaluru,54.89375,190.17180000000002,182.564928,0.18256492800000002,15,3
2026-03-30 16:00:00,497.0,33.5,81,10.3,24,Bengaluru,49.03125,143.75228,138.0021888,0.1380021888,16,3
2026-03-30 17:00:00,284.0,32.8,95,10.1,25,Bengaluru,41.675,84.81830400000003,81.42557184000002,0.08142557184000002,17,3
2026-03-30 18:00:00,75.0,31.6,97,9.8,28,Bengaluru,33.94375,23.141400000000004,22.215744000000004,0.022215744000000006,18,3
2026-03-30 19:00:00,0.0,30.0,98,8.9,33,Bengaluru,30.0,0.0,0.0,0.0,19,3
2026-03-30 20:00:00,0.0,28.5,100,8.3,38,Bengaluru,28.5,0.0,0.0,0.0,20,3
2026-03-30 21:00:00,0.0,27.3,85,7.5,42,Bengaluru,27.3,0.0,0.0,0.0,21,3
2026-03-30 22:00:00,0.0,26.2,70,6.2,46,Bengaluru,26.2,0.0,0.0,0.0,22,3
2026-03-30 23:00:00,0.0,25.2,55,5.4,50,Bengaluru,25.2,0.0,0.0,0.0,23,3
